{
    "exact_counts": {
        "counts": {
            "I": 13007,
            "L": 9559,
            "U": 6851,
            "S": 14683,
            "T": 14055,
            "R": 14367,
            "A": 16283,
            "O": 13525,
            "N": 13449,
            "D": 9828,
            "W": 2987,
            "E": 24962,
            "G": 6545,
            "H": 5546,
            "Y": 3298,
            "J": 335,
            "V": 2319,
            "C": 6826,
            "P": 6180,
            "F": 3769,
            "M": 5371,
            "K": 1841,
            "X": 796,
            "B": 2658,
            "Q": 291,
            "Z": 131,
            "È": 2,
            "Â": 4,
            "É": 1,
            "Œ": 2,
            "Ô": 1
        },
        "execution_time": 0.019514799118041992,
        "statistics": {
            "Mean": 6434.580645161291,
            "Variance": 39679358.50156088,
            "Standard Deviation": 6299.155380014124,
            "Smallest Counter Value": 1,
            "Largest Counter Value": 24962
        },
        "statistics_E": {
            "Mean": 24962,
            "Variance": 0,
            "Standard Deviation": 0.0,
            "Smallest Counter Value": 1,
            "Largest Counter Value": 24962
        }
    },
    "fixed_probability_avg": {
        "estimated_counts": {
            "I": 13014.58,
            "L": 9582.12,
            "S": 14695.2,
            "R": 14362.16,
            "A": 16290.08,
            "N": 13443.88,
            "U": 6843.0,
            "D": 9841.5,
            "E": 24928.42,
            "G": 6545.28,
            "H": 5543.38,
            "T": 14072.74,
            "Y": 3290.96,
            "J": 330.6,
            "V": 2323.44,
            "O": 13518.96,
            "P": 6160.38,
            "F": 3769.54,
            "C": 6813.46,
            "M": 5378.76,
            "W": 2988.54,
            "K": 1838.7,
            "X": 792.74,
            "B": 2666.94,
            "Q": 292.22,
            "Z": 132.46,
            "Â": 3.74,
            "È": 2.18,
            "Œ": 1.96,
            "Ô": 1.0,
            "É": 1.0
        },
        "execution_time": 0.023113667964935303,
        "statistics": {
            "Mean": 6434.513548387096,
            "Variance": 39661927.89595837,
            "Standard Deviation": 6297.771661147963,
            "Smallest Counter Value": 1.0,
            "Largest Counter Value": 24928.42,
            "Mean Absolute Error": 7.007741935484012,
            "Mean Relative Error": 0.007562581308965319,
            "Mean Accuracy Ratio": 1.0001577338498506,
            "Error Statistics": {
                "Normalized Absolute Error Stats": {
                    "Lowest": 0.0,
                    "Highest": 33.580000000001746,
                    "Average": 7.007741935484012
                },
                "Relative Error Stat": 0.001089075158418246
            }
        },
        "statistics_E": {
            "Mean": 24928.42,
            "Variance": 0.0,
            "Standard Deviation": 0.0,
            "Smallest Counter Value": 1.0,
            "Largest Counter Value": 24928.42,
            "Mean Absolute Error": 33.580000000001746,
            "Mean Relative Error": 0.0013452447720535914,
            "Mean Accuracy Ratio": 0.9986547552279464,
            "Error Statistics": {
                "Normalized Absolute Error": 33.580000000001746,
                "Relative Error": 0.0013452447720535914
            }
        }
    },
    "space_saving_k_3": {
        "estimated_counts": {
            "R": 66490,
            "L": 66491,
            "D": 66491
        },
        "execution_time": 0.10218954086303711,
        "statistics": {
            "Mean": 66490.66666666667,
            "Variance": 0.22222222222222224,
            "Standard Deviation": 0.4714045207910317,
            "Smallest Counter Value": 66490,
            "Largest Counter Value": 66491,
            "Mean Absolute Error": 10691.483870967742,
            "Mean Relative Error": 1.3983640647321203,
            "Mean Accuracy Ratio": 0.5919124518288944,
            "Error Statistics": {
                "Normalized Absolute Error Stats": {
                    "Lowest": 1,
                    "Highest": 56932,
                    "Average": 10691.483870967742
                },
                "Relative Error Stat": 1.661566535654127
            }
        },
        "statistics_E": {
            "Mean": 0,
            "Variance": 0,
            "Standard Deviation": 0.0,
            "Smallest Counter Value": 66490,
            "Largest Counter Value": 66491,
            "Mean Absolute Error": 24962,
            "Mean Relative Error": 1.0,
            "Mean Accuracy Ratio": 0.0,
            "Error Statistics": {
                "Normalized Absolute Error": 24962,
                "Relative Error": 1.0
            }
        }
    },
    "space_saving_k_5": {
        "estimated_counts": {
            "R": 39895,
            "D": 39895,
            "W": 39894,
            "O": 39894,
            "L": 39894
        },
        "execution_time": 0.10415363311767578,
        "statistics": {
            "Mean": 39894.4,
            "Variance": 0.24,
            "Standard Deviation": 0.4898979485566356,
            "Smallest Counter Value": 39894,
            "Largest Counter Value": 39895,
            "Mean Absolute Error": 9626.193548387097,
            "Mean Relative Error": 1.5585530128641616,
            "Mean Accuracy Ratio": 0.881133658025452,
            "Error Statistics": {
                "Normalized Absolute Error Stats": {
                    "Lowest": 1,
                    "Highest": 36907,
                    "Average": 9626.193548387097
                },
                "Relative Error Stat": 1.4960094649875673
            }
        },
        "statistics_E": {
            "Mean": 0,
            "Variance": 0,
            "Standard Deviation": 0.0,
            "Smallest Counter Value": 39894,
            "Largest Counter Value": 39895,
            "Mean Absolute Error": 24962,
            "Mean Relative Error": 1.0,
            "Mean Accuracy Ratio": 0.0,
            "Error Statistics": {
                "Normalized Absolute Error": 24962,
                "Relative Error": 1.0
            }
        }
    },
    "space_saving_k_10": {
        "estimated_counts": {
            "E": 24964,
            "A": 19392,
            "O": 19390,
            "S": 19389,
            "U": 19389,
            "R": 19391,
            "N": 19389,
            "D": 19390,
            "W": 19389,
            "L": 19389
        },
        "execution_time": 0.0850977897644043,
        "statistics": {
            "Mean": 19947.2,
            "Variance": 2796476.7600000002,
            "Standard Deviation": 1672.2669523733346,
            "Smallest Counter Value": 19389,
            "Largest Counter Value": 24964,
            "Mean Absolute Error": 4708.258064516129,
            "Mean Relative Error": 1.0341623577844918,
            "Mean Accuracy Ratio": 0.6793236481070727,
            "Error Statistics": {
                "Normalized Absolute Error Stats": {
                    "Lowest": 1,
                    "Highest": 16402,
                    "Average": 4708.258064516129
                },
                "Relative Error Stat": 0.7317117189379964
            }
        },
        "statistics_E": {
            "Mean": 24964,
            "Variance": 0,
            "Standard Deviation": 0.0,
            "Smallest Counter Value": 19389,
            "Largest Counter Value": 24964,
            "Mean Absolute Error": 2,
            "Mean Relative Error": 8.012178511337233e-05,
            "Mean Accuracy Ratio": 1.0000801217851134,
            "Error Statistics": {
                "Normalized Absolute Error": 2,
                "Relative Error": 8.012178511337233e-05
            }
        }
    }
}