{
    "exact_counts": {
        "counts": {
            "I": 13007,
            "L": 9559,
            "U": 6851,
            "S": 14683,
            "T": 14055,
            "R": 14367,
            "A": 16283,
            "O": 13525,
            "N": 13449,
            "D": 9828,
            "W": 2987,
            "E": 24962,
            "G": 6545,
            "H": 5546,
            "Y": 3298,
            "J": 335,
            "V": 2319,
            "C": 6826,
            "P": 6180,
            "F": 3769,
            "M": 5371,
            "K": 1841,
            "X": 796,
            "B": 2658,
            "Q": 291,
            "Z": 131,
            "È": 2,
            "Â": 4,
            "É": 1,
            "Œ": 2,
            "Ô": 1
        },
        "execution_time": 0.02093982696533203,
        "statistics": {
            "Mean": 6434.580645161291,
            "Variance": 39679358.50156088,
            "Standard Deviation": 6299.155380014124,
            "Smallest Counter Value": 1,
            "Largest Counter Value": 24962
        },
        "statistics_E": {
            "Mean": 24962,
            "Variance": 0,
            "Standard Deviation": 0.0,
            "Smallest Counter Value": 1,
            "Largest Counter Value": 24962
        }
    },
    "fixed_probability_avg": {
        "estimated_counts": {
            "I": 13006.051,
            "L": 9559.8014,
            "T": 14056.0522,
            "R": 14366.7158,
            "O": 13524.8928,
            "N": 13447.946,
            "H": 5546.4448,
            "A": 16281.6056,
            "S": 14683.9822,
            "J": 335.1484,
            "U": 6850.6942,
            "V": 2318.3582,
            "E": 24960.6396,
            "C": 6824.8416,
            "P": 6180.696,
            "G": 6545.0064,
            "D": 9827.3986,
            "M": 5372.3514,
            "K": 1841.2796,
            "W": 2987.1092,
            "F": 3768.8278,
            "Y": 3297.9208,
            "X": 796.239,
            "B": 2657.2936,
            "Q": 290.565,
            "Z": 130.8148,
            "È": 1.9956,
            "Â": 3.9964,
            "Ô": 0.9904,
            "Œ": 1.9794,
            "É": 0.996
        },
        "execution_time": 0.02860743832588196,
        "statistics": {
            "Mean": 6434.472058064517,
            "Variance": 39677076.70101733,
            "Standard Deviation": 6298.974257846854,
            "Smallest Counter Value": 0.9904,
            "Largest Counter Value": 24960.6396,
            "Mean Absolute Error": 0.5028193548387802,
            "Mean Relative Error": 0.0010554254547416513,
            "Mean Accuracy Ratio": 0.9990479728892234,
            "Error Statistics": {
                "Normalized Absolute Error Stats": {
                    "Lowest": 0.0036000000000000476,
                    "Highest": 1.394399999999223,
                    "Average": 0.5028193548387802
                },
                "Relative Error Stat": 7.814329830754283e-05
            }
        },
        "statistics_E": {
            "Mean": 24960.6396,
            "Variance": 0.0,
            "Standard Deviation": 0.0,
            "Smallest Counter Value": 0.9904,
            "Largest Counter Value": 24960.6396,
            "Mean Absolute Error": 1.3604000000013912,
            "Mean Relative Error": 5.449883823417159e-05,
            "Mean Accuracy Ratio": 0.9999455011617658,
            "Error Statistics": {
                "Normalized Absolute Error": 1.3604000000013912,
                "Relative Error": 5.449883823417159e-05
            }
        }
    },
    "space_saving_k_3": {
        "estimated_counts": {
            "R": 66490,
            "L": 66491,
            "D": 66491
        },
        "execution_time": 0.11341214179992676,
        "statistics": {
            "Mean": 66490.66666666667,
            "Variance": 0.22222222222222224,
            "Standard Deviation": 0.4714045207910317,
            "Smallest Counter Value": 66490,
            "Largest Counter Value": 66491,
            "Mean Absolute Error": 10691.483870967742,
            "Mean Relative Error": 1.3983640647321203,
            "Mean Accuracy Ratio": 0.5919124518288944,
            "Error Statistics": {
                "Normalized Absolute Error Stats": {
                    "Lowest": 1,
                    "Highest": 56932,
                    "Average": 10691.483870967742
                },
                "Relative Error Stat": 1.661566535654127
            }
        },
        "statistics_E": {
            "Mean": 0,
            "Variance": 0,
            "Standard Deviation": 0.0,
            "Smallest Counter Value": 66490,
            "Largest Counter Value": 66491,
            "Mean Absolute Error": 24962,
            "Mean Relative Error": 1.0,
            "Mean Accuracy Ratio": 0.0,
            "Error Statistics": {
                "Normalized Absolute Error": 24962,
                "Relative Error": 1.0
            }
        }
    },
    "space_saving_k_5": {
        "estimated_counts": {
            "R": 39895,
            "D": 39895,
            "W": 39894,
            "O": 39894,
            "L": 39894
        },
        "execution_time": 0.15567684173583984,
        "statistics": {
            "Mean": 39894.4,
            "Variance": 0.24,
            "Standard Deviation": 0.4898979485566356,
            "Smallest Counter Value": 39894,
            "Largest Counter Value": 39895,
            "Mean Absolute Error": 9626.193548387097,
            "Mean Relative Error": 1.5585530128641616,
            "Mean Accuracy Ratio": 0.881133658025452,
            "Error Statistics": {
                "Normalized Absolute Error Stats": {
                    "Lowest": 1,
                    "Highest": 36907,
                    "Average": 9626.193548387097
                },
                "Relative Error Stat": 1.4960094649875673
            }
        },
        "statistics_E": {
            "Mean": 0,
            "Variance": 0,
            "Standard Deviation": 0.0,
            "Smallest Counter Value": 39894,
            "Largest Counter Value": 39895,
            "Mean Absolute Error": 24962,
            "Mean Relative Error": 1.0,
            "Mean Accuracy Ratio": 0.0,
            "Error Statistics": {
                "Normalized Absolute Error": 24962,
                "Relative Error": 1.0
            }
        }
    },
    "space_saving_k_10": {
        "estimated_counts": {
            "E": 24964,
            "A": 19392,
            "O": 19390,
            "S": 19389,
            "U": 19389,
            "R": 19391,
            "N": 19389,
            "D": 19390,
            "W": 19389,
            "L": 19389
        },
        "execution_time": 0.09884762763977051,
        "statistics": {
            "Mean": 19947.2,
            "Variance": 2796476.7600000002,
            "Standard Deviation": 1672.2669523733346,
            "Smallest Counter Value": 19389,
            "Largest Counter Value": 24964,
            "Mean Absolute Error": 4708.258064516129,
            "Mean Relative Error": 1.0341623577844918,
            "Mean Accuracy Ratio": 0.6793236481070727,
            "Error Statistics": {
                "Normalized Absolute Error Stats": {
                    "Lowest": 1,
                    "Highest": 16402,
                    "Average": 4708.258064516129
                },
                "Relative Error Stat": 0.7317117189379964
            }
        },
        "statistics_E": {
            "Mean": 24964,
            "Variance": 0,
            "Standard Deviation": 0.0,
            "Smallest Counter Value": 19389,
            "Largest Counter Value": 24964,
            "Mean Absolute Error": 2,
            "Mean Relative Error": 8.012178511337233e-05,
            "Mean Accuracy Ratio": 1.0000801217851134,
            "Error Statistics": {
                "Normalized Absolute Error": 2,
                "Relative Error": 8.012178511337233e-05
            }
        }
    }
}