{
    "exact_counts": {
        "counts": {
            "I": 13007,
            "L": 9559,
            "U": 6851,
            "S": 14683,
            "T": 14055,
            "R": 14367,
            "A": 16283,
            "O": 13525,
            "N": 13449,
            "D": 9828,
            "W": 2987,
            "E": 24962,
            "G": 6545,
            "H": 5546,
            "Y": 3298,
            "J": 335,
            "V": 2319,
            "C": 6826,
            "P": 6180,
            "F": 3769,
            "M": 5371,
            "K": 1841,
            "X": 796,
            "B": 2658,
            "Q": 291,
            "Z": 131,
            "È": 2,
            "Â": 4,
            "É": 1,
            "Œ": 2,
            "Ô": 1
        },
        "execution_time": 0.021031618118286133,
        "statistics": {
            "Mean": 6434.580645161291,
            "Variance": 39679358.50156088,
            "Standard Deviation": 6299.155380014124,
            "Smallest Counter Value": 1,
            "Largest Counter Value": 24962
        },
        "statistics_E": {
            "Mean": 24962,
            "Variance": 0,
            "Standard Deviation": 0.0,
            "Smallest Counter Value": 1,
            "Largest Counter Value": 24962
        }
    },
    "fixed_probability_avg": {
        "estimated_counts": {
            "I": 13006.58,
            "L": 9544.4,
            "S": 14691.48,
            "T": 14068.12,
            "A": 16276.52,
            "O": 13536.78,
            "N": 13434.96,
            "R": 14363.44,
            "W": 2989.66,
            "E": 24967.6,
            "H": 5539.32,
            "Y": 3297.74,
            "U": 6837.94,
            "V": 2318.26,
            "C": 6822.4,
            "P": 6179.28,
            "F": 3770.74,
            "D": 9828.92,
            "G": 6557.88,
            "M": 5365.7,
            "X": 791.7,
            "B": 2659.78,
            "K": 1837.02,
            "Q": 292.98,
            "Z": 130.1,
            "J": 335.26,
            "Â": 3.86,
            "É": 0.94,
            "Œ": 1.98,
            "Ô": 1.32,
            "È": 1.86
        },
        "execution_time": 0.02383948802947998,
        "statistics": {
            "Mean": 6434.01677419355,
            "Variance": 39688807.048466995,
            "Standard Deviation": 6299.905320595461,
            "Smallest Counter Value": 0.94,
            "Largest Counter Value": 24967.6,
            "Mean Absolute Error": 4.532903225806497,
            "Mean Relative Error": 0.01716428378255039,
            "Mean Accuracy Ratio": 1.0044015204478418,
            "Error Statistics": {
                "Normalized Absolute Error Stats": {
                    "Lowest": 0.020000000000000018,
                    "Highest": 14.600000000000364,
                    "Average": 4.532903225806497
                },
                "Relative Error Stat": 0.0007044597738028465
            }
        },
        "statistics_E": {
            "Mean": 24967.6,
            "Variance": 0.0,
            "Standard Deviation": 0.0,
            "Smallest Counter Value": 0.94,
            "Largest Counter Value": 24967.6,
            "Mean Absolute Error": 5.599999999998545,
            "Mean Relative Error": 0.00022434099831738423,
            "Mean Accuracy Ratio": 1.0002243409983174,
            "Error Statistics": {
                "Normalized Absolute Error": 5.599999999998545,
                "Relative Error": 0.00022434099831738423
            }
        }
    },
    "space_saving_k_3": {
        "estimated_counts": {
            "R": 66490,
            "L": 66491,
            "D": 66491
        },
        "execution_time": 0.09379839897155762,
        "statistics": {
            "Mean": 66490.66666666667,
            "Variance": 0.22222222222222224,
            "Standard Deviation": 0.4714045207910317,
            "Smallest Counter Value": 66490,
            "Largest Counter Value": 66491,
            "Mean Absolute Error": 10691.483870967742,
            "Mean Relative Error": 1.3983640647321203,
            "Mean Accuracy Ratio": 0.5919124518288944,
            "Error Statistics": {
                "Normalized Absolute Error Stats": {
                    "Lowest": 1,
                    "Highest": 56932,
                    "Average": 10691.483870967742
                },
                "Relative Error Stat": 1.661566535654127
            }
        },
        "statistics_E": {
            "Mean": 0,
            "Variance": 0,
            "Standard Deviation": 0.0,
            "Smallest Counter Value": 66490,
            "Largest Counter Value": 66491,
            "Mean Absolute Error": 24962,
            "Mean Relative Error": 1.0,
            "Mean Accuracy Ratio": 0.0,
            "Error Statistics": {
                "Normalized Absolute Error": 24962,
                "Relative Error": 1.0
            }
        }
    },
    "space_saving_k_5": {
        "estimated_counts": {
            "R": 39895,
            "D": 39895,
            "W": 39894,
            "O": 39894,
            "L": 39894
        },
        "execution_time": 0.0981898307800293,
        "statistics": {
            "Mean": 39894.4,
            "Variance": 0.24,
            "Standard Deviation": 0.4898979485566356,
            "Smallest Counter Value": 39894,
            "Largest Counter Value": 39895,
            "Mean Absolute Error": 9626.193548387097,
            "Mean Relative Error": 1.5585530128641616,
            "Mean Accuracy Ratio": 0.881133658025452,
            "Error Statistics": {
                "Normalized Absolute Error Stats": {
                    "Lowest": 1,
                    "Highest": 36907,
                    "Average": 9626.193548387097
                },
                "Relative Error Stat": 1.4960094649875673
            }
        },
        "statistics_E": {
            "Mean": 0,
            "Variance": 0,
            "Standard Deviation": 0.0,
            "Smallest Counter Value": 39894,
            "Largest Counter Value": 39895,
            "Mean Absolute Error": 24962,
            "Mean Relative Error": 1.0,
            "Mean Accuracy Ratio": 0.0,
            "Error Statistics": {
                "Normalized Absolute Error": 24962,
                "Relative Error": 1.0
            }
        }
    },
    "space_saving_k_10": {
        "estimated_counts": {
            "E": 24964,
            "A": 19392,
            "O": 19390,
            "S": 19389,
            "U": 19389,
            "R": 19391,
            "N": 19389,
            "D": 19390,
            "W": 19389,
            "L": 19389
        },
        "execution_time": 0.08002138137817383,
        "statistics": {
            "Mean": 19947.2,
            "Variance": 2796476.7600000002,
            "Standard Deviation": 1672.2669523733346,
            "Smallest Counter Value": 19389,
            "Largest Counter Value": 24964,
            "Mean Absolute Error": 4708.258064516129,
            "Mean Relative Error": 1.0341623577844918,
            "Mean Accuracy Ratio": 0.6793236481070727,
            "Error Statistics": {
                "Normalized Absolute Error Stats": {
                    "Lowest": 1,
                    "Highest": 16402,
                    "Average": 4708.258064516129
                },
                "Relative Error Stat": 0.7317117189379964
            }
        },
        "statistics_E": {
            "Mean": 24964,
            "Variance": 0,
            "Standard Deviation": 0.0,
            "Smallest Counter Value": 19389,
            "Largest Counter Value": 24964,
            "Mean Absolute Error": 2,
            "Mean Relative Error": 8.012178511337233e-05,
            "Mean Accuracy Ratio": 1.0000801217851134,
            "Error Statistics": {
                "Normalized Absolute Error": 2,
                "Relative Error": 8.012178511337233e-05
            }
        }
    }
}