{
    "exact_counts": {
        "counts": {
            "I": 13007,
            "L": 9559,
            "U": 6851,
            "S": 14683,
            "T": 14055,
            "R": 14367,
            "A": 16283,
            "O": 13525,
            "N": 13449,
            "D": 9828,
            "W": 2987,
            "E": 24962,
            "G": 6545,
            "H": 5546,
            "Y": 3298,
            "J": 335,
            "V": 2319,
            "C": 6826,
            "P": 6180,
            "F": 3769,
            "M": 5371,
            "K": 1841,
            "X": 796,
            "B": 2658,
            "Q": 291,
            "Z": 131,
            "È": 2,
            "Â": 4,
            "É": 1,
            "Œ": 2,
            "Ô": 1
        },
        "execution_time": 0.02208876609802246,
        "statistics": {
            "Mean": 6434.580645161291,
            "Variance": 39679358.50156088,
            "Standard Deviation": 6299.155380014124,
            "Smallest Counter Value": 1,
            "Largest Counter Value": 24962
        },
        "statistics_E": {
            "Mean": 24962,
            "Variance": 0,
            "Standard Deviation": 0.0,
            "Smallest Counter Value": 1,
            "Largest Counter Value": 24962
        }
    },
    "fixed_probability_avg": {
        "estimated_counts": {
            "L": 9557.16,
            "U": 6854.26,
            "S": 14686.92,
            "T": 14063.44,
            "A": 16276.6,
            "O": 13507.32,
            "N": 13448.46,
            "R": 14364.4,
            "D": 9823.48,
            "E": 24944.92,
            "I": 13001.5,
            "H": 5534.48,
            "J": 332.88,
            "C": 6838.08,
            "G": 6541.3,
            "P": 6187.66,
            "M": 5377.44,
            "V": 2320.64,
            "Y": 3301.82,
            "F": 3770.18,
            "K": 1846.18,
            "W": 2979.7,
            "X": 796.4,
            "B": 2661.5,
            "Q": 294.9,
            "Z": 131.3,
            "Â": 3.86,
            "È": 1.8,
            "Œ": 2.16,
            "Ô": 1.12,
            "É": 1.08
        },
        "execution_time": 0.025225815773010255,
        "statistics": {
            "Mean": 6433.965806451611,
            "Variance": 39645094.70196628,
            "Standard Deviation": 6296.4350788336,
            "Smallest Counter Value": 1.08,
            "Largest Counter Value": 24944.92,
            "Mean Absolute Error": 4.620000000000129,
            "Mean Relative Error": 0.014779059724938318,
            "Mean Accuracy Ratio": 1.0050954701155892,
            "Error Statistics": {
                "Normalized Absolute Error Stats": {
                    "Lowest": 0.08000000000000007,
                    "Highest": 17.68000000000029,
                    "Average": 4.620000000000129
                },
                "Relative Error Stat": 0.0007179955081415136
            }
        },
        "statistics_E": {
            "Mean": 24944.92,
            "Variance": 0.0,
            "Standard Deviation": 0.0,
            "Smallest Counter Value": 1.08,
            "Largest Counter Value": 24944.92,
            "Mean Absolute Error": 17.080000000001746,
            "Mean Relative Error": 0.0006842400448682696,
            "Mean Accuracy Ratio": 0.9993157599551318,
            "Error Statistics": {
                "Normalized Absolute Error": 17.080000000001746,
                "Relative Error": 0.0006842400448682696
            }
        }
    },
    "space_saving_k_3": {
        "estimated_counts": {
            "R": 66490,
            "L": 66491,
            "D": 66491
        },
        "execution_time": 0.10418105125427246,
        "statistics": {
            "Mean": 66490.66666666667,
            "Variance": 0.22222222222222224,
            "Standard Deviation": 0.4714045207910317,
            "Smallest Counter Value": 66490,
            "Largest Counter Value": 66491,
            "Mean Absolute Error": 10691.483870967742,
            "Mean Relative Error": 1.3983640647321203,
            "Mean Accuracy Ratio": 0.5919124518288944,
            "Error Statistics": {
                "Normalized Absolute Error Stats": {
                    "Lowest": 1,
                    "Highest": 56932,
                    "Average": 10691.483870967742
                },
                "Relative Error Stat": 1.661566535654127
            }
        },
        "statistics_E": {
            "Mean": 0,
            "Variance": 0,
            "Standard Deviation": 0.0,
            "Smallest Counter Value": 66490,
            "Largest Counter Value": 66491,
            "Mean Absolute Error": 24962,
            "Mean Relative Error": 1.0,
            "Mean Accuracy Ratio": 0.0,
            "Error Statistics": {
                "Normalized Absolute Error": 24962,
                "Relative Error": 1.0
            }
        }
    },
    "space_saving_k_5": {
        "estimated_counts": {
            "R": 39895,
            "D": 39895,
            "W": 39894,
            "O": 39894,
            "L": 39894
        },
        "execution_time": 0.11381769180297852,
        "statistics": {
            "Mean": 39894.4,
            "Variance": 0.24,
            "Standard Deviation": 0.4898979485566356,
            "Smallest Counter Value": 39894,
            "Largest Counter Value": 39895,
            "Mean Absolute Error": 9626.193548387097,
            "Mean Relative Error": 1.5585530128641616,
            "Mean Accuracy Ratio": 0.881133658025452,
            "Error Statistics": {
                "Normalized Absolute Error Stats": {
                    "Lowest": 1,
                    "Highest": 36907,
                    "Average": 9626.193548387097
                },
                "Relative Error Stat": 1.4960094649875673
            }
        },
        "statistics_E": {
            "Mean": 0,
            "Variance": 0,
            "Standard Deviation": 0.0,
            "Smallest Counter Value": 39894,
            "Largest Counter Value": 39895,
            "Mean Absolute Error": 24962,
            "Mean Relative Error": 1.0,
            "Mean Accuracy Ratio": 0.0,
            "Error Statistics": {
                "Normalized Absolute Error": 24962,
                "Relative Error": 1.0
            }
        }
    },
    "space_saving_k_10": {
        "estimated_counts": {
            "E": 24964,
            "A": 19392,
            "O": 19390,
            "S": 19389,
            "U": 19389,
            "R": 19391,
            "N": 19389,
            "D": 19390,
            "W": 19389,
            "L": 19389
        },
        "execution_time": 0.08922791481018066,
        "statistics": {
            "Mean": 19947.2,
            "Variance": 2796476.7600000002,
            "Standard Deviation": 1672.2669523733346,
            "Smallest Counter Value": 19389,
            "Largest Counter Value": 24964,
            "Mean Absolute Error": 4708.258064516129,
            "Mean Relative Error": 1.0341623577844918,
            "Mean Accuracy Ratio": 0.6793236481070727,
            "Error Statistics": {
                "Normalized Absolute Error Stats": {
                    "Lowest": 1,
                    "Highest": 16402,
                    "Average": 4708.258064516129
                },
                "Relative Error Stat": 0.7317117189379964
            }
        },
        "statistics_E": {
            "Mean": 24964,
            "Variance": 0,
            "Standard Deviation": 0.0,
            "Smallest Counter Value": 19389,
            "Largest Counter Value": 24964,
            "Mean Absolute Error": 2,
            "Mean Relative Error": 8.012178511337233e-05,
            "Mean Accuracy Ratio": 1.0000801217851134,
            "Error Statistics": {
                "Normalized Absolute Error": 2,
                "Relative Error": 8.012178511337233e-05
            }
        }
    }
}