{
    "exact_counts": {
        "counts": {
            "P": 9040,
            "R": 21172,
            "O": 15620,
            "D": 7196,
            "U": 13912,
            "C": 8654,
            "E": 31346,
            "B": 3089,
            "Y": 870,
            "K": 319,
            "S": 18848,
            "G": 5034,
            "A": 22349,
            "T": 21447,
            "I": 21134,
            "J": 1024,
            "L": 10903,
            "V": 4544,
            "N": 18902,
            "M": 8556,
            "Q": 2540,
            "È": 888,
            "H": 3270,
            "F": 4122,
            "É": 5367,
            "Î": 268,
            "Ù": 114,
            "X": 1391,
            "Ê": 541,
            "Ô": 181,
            "Z": 450,
            "Ç": 265,
            "W": 248,
            "Â": 138,
            "Û": 123,
            "À": 195,
            "Ï": 26,
            "º": 5,
            "Ü": 1,
            "Ë": 1
        },
        "execution_time": 0.03160691261291504,
        "statistics": {
            "Mean": 6602.325,
            "Variance": 69193782.96937495,
            "Standard Deviation": 8318.280048746554,
            "Smallest Counter Value": 1,
            "Largest Counter Value": 31346
        },
        "statistics_E": {
            "Mean": 31346,
            "Variance": 0,
            "Standard Deviation": 0.0,
            "Smallest Counter Value": 1,
            "Largest Counter Value": 31346
        }
    },
    "fixed_probability_avg": {
        "estimated_counts": {
            "P": 9040.159,
            "D": 7196.9692,
            "B": 3088.7138,
            "E": 31347.985,
            "K": 319.02,
            "S": 18849.0576,
            "G": 5035.1466,
            "R": 21171.9964,
            "A": 22351.3832,
            "U": 13910.4334,
            "T": 21448.6154,
            "V": 4543.0924,
            "N": 18903.747,
            "O": 15621.1714,
            "M": 8556.0582,
            "Q": 2540.1708,
            "I": 21133.016,
            "J": 1023.5242,
            "L": 10900.1798,
            "C": 8654.8186,
            "F": 4122.5878,
            "H": 3270.6738,
            "É": 5366.3294,
            "X": 1391.0114,
            "Ù": 113.8656,
            "Ê": 541.363,
            "Z": 449.738,
            "È": 888.2186,
            "Î": 268.1024,
            "Â": 137.9952,
            "Û": 123.2396,
            "Y": 869.933,
            "À": 194.8714,
            "W": 248.0254,
            "Ô": 180.9802,
            "Ç": 265.14,
            "Ï": 25.9772,
            "º": 5.0182,
            "Ü": 0.9966,
            "Ë": 1.0108
        },
        "execution_time": 0.03539242980480194,
        "statistics": {
            "Mean": 6602.50839,
            "Variance": 69199661.70563748,
            "Standard Deviation": 8318.633403729094,
            "Smallest Counter Value": 0.9966,
            "Largest Counter Value": 31347.985,
            "Mean Absolute Error": 0.6012599999999605,
            "Mean Relative Error": 0.000699343076386595,
            "Mean Accuracy Ratio": 1.0002884055099923,
            "Error Statistics": {
                "Normalized Absolute Error Stats": {
                    "Lowest": 0.0033999999999999586,
                    "Highest": 2.8202000000001135,
                    "Average": 0.6012599999999605
                },
                "Relative Error Stat": 9.106791925571075e-05
            }
        },
        "statistics_E": {
            "Mean": 31347.985,
            "Variance": 0.0,
            "Standard Deviation": 0.0,
            "Smallest Counter Value": 0.9966,
            "Largest Counter Value": 31347.985,
            "Mean Absolute Error": 1.985000000000582,
            "Mean Relative Error": 6.332546417407587e-05,
            "Mean Accuracy Ratio": 1.000063325464174,
            "Error Statistics": {
                "Normalized Absolute Error": 1.985000000000582,
                "Relative Error": 6.332546417407587e-05
            }
        }
    },
    "space_saving_k_3": {
        "estimated_counts": {
            "R": 88031,
            "N": 88031,
            "E": 88031
        },
        "execution_time": 0.16832756996154785,
        "statistics": {
            "Mean": 88031.0,
            "Variance": 0.0,
            "Standard Deviation": 0.0,
            "Smallest Counter Value": 88031,
            "Largest Counter Value": 88031,
            "Mean Absolute Error": 9633.65,
            "Mean Relative Error": 1.1405873491328786,
            "Mean Accuracy Ratio": 0.29058734913287876,
            "Error Statistics": {
                "Normalized Absolute Error Stats": {
                    "Lowest": 1,
                    "Highest": 69129,
                    "Average": 9633.65
                },
                "Relative Error Stat": 1.459129927714858
            }
        },
        "statistics_E": {
            "Mean": 88031,
            "Variance": 0,
            "Standard Deviation": 0.0,
            "Smallest Counter Value": 88031,
            "Largest Counter Value": 88031,
            "Mean Absolute Error": 56685,
            "Mean Relative Error": 1.8083647036304473,
            "Mean Accuracy Ratio": 2.8083647036304473,
            "Error Statistics": {
                "Normalized Absolute Error": 56685,
                "Relative Error": 1.8083647036304473
            }
        }
    },
    "space_saving_k_5": {
        "estimated_counts": {
            "E": 52820,
            "S": 52818,
            "V": 52818,
            "R": 52818,
            "N": 52819
        },
        "execution_time": 0.15544366836547852,
        "statistics": {
            "Mean": 52818.6,
            "Variance": 0.6399999999999999,
            "Standard Deviation": 0.7999999999999999,
            "Smallest Counter Value": 52818,
            "Largest Counter Value": 52820,
            "Mean Absolute Error": 8464.05,
            "Mean Relative Error": 1.2850031671174975,
            "Mean Accuracy Ratio": 0.5350031671174974,
            "Error Statistics": {
                "Normalized Absolute Error Stats": {
                    "Lowest": 1,
                    "Highest": 48274,
                    "Average": 8464.05
                },
                "Relative Error Stat": 1.2819802115163976
            }
        },
        "statistics_E": {
            "Mean": 52820,
            "Variance": 0,
            "Standard Deviation": 0.0,
            "Smallest Counter Value": 52818,
            "Largest Counter Value": 52820,
            "Mean Absolute Error": 21474,
            "Mean Relative Error": 0.6850634849741594,
            "Mean Accuracy Ratio": 1.6850634849741595,
            "Error Statistics": {
                "Normalized Absolute Error": 21474,
                "Relative Error": 0.6850634849741594
            }
        }
    },
    "space_saving_k_10": {
        "estimated_counts": {
            "E": 31346,
            "O": 25862,
            "U": 25861,
            "R": 25861,
            "S": 25861,
            "B": 25860,
            "Y": 25860,
            "L": 25860,
            "V": 25861,
            "N": 25861
        },
        "execution_time": 0.1367964744567871,
        "statistics": {
            "Mean": 26409.3,
            "Variance": 2707890.0100000007,
            "Standard Deviation": 1645.5667747010452,
            "Smallest Counter Value": 25860,
            "Largest Counter Value": 31346,
            "Mean Absolute Error": 6244.35,
            "Mean Relative Error": 1.865878927331251,
            "Mean Accuracy Ratio": 1.365878927331251,
            "Error Statistics": {
                "Normalized Absolute Error Stats": {
                    "Lowest": 0,
                    "Highest": 24990,
                    "Average": 6244.35
                },
                "Relative Error Stat": 0.9457804637002873
            }
        },
        "statistics_E": {
            "Mean": 31346,
            "Variance": 0,