{
    "exact_counts": {
        "counts": {
            "P": 9040,
            "R": 21172,
            "O": 15620,
            "D": 7196,
            "U": 13912,
            "C": 8654,
            "E": 31346,
            "B": 3089,
            "Y": 870,
            "K": 319,
            "S": 18848,
            "G": 5034,
            "A": 22349,
            "T": 21447,
            "I": 21134,
            "J": 1024,
            "L": 10903,
            "V": 4544,
            "N": 18902,
            "M": 8556,
            "Q": 2540,
            "È": 888,
            "H": 3270,
            "F": 4122,
            "É": 5367,
            "Î": 268,
            "Ù": 114,
            "X": 1391,
            "Ê": 541,
            "Ô": 181,
            "Z": 450,
            "Ç": 265,
            "W": 248,
            "Â": 138,
            "Û": 123,
            "À": 195,
            "Ï": 26,
            "º": 5,
            "Ü": 1,
            "Ë": 1
        },
        "execution_time": 0.02398538589477539,
        "statistics": {
            "Mean": 6602.325,
            "Variance": 69193782.96937495,
            "Standard Deviation": 8318.280048746554,
            "Smallest Counter Value": 1,
            "Largest Counter Value": 31346
        },
        "statistics_E": {
            "Mean": 31346,
            "Variance": 0,
            "Standard Deviation": 0.0,
            "Smallest Counter Value": 1,
            "Largest Counter Value": 31346
        }
    },
    "fixed_probability_avg": {
        "estimated_counts": {
            "P": 9042.78,
            "R": 21195.5,
            "Y": 864.58,
            "O": 15619.06,
            "K": 316.9,
            "G": 5040.86,
            "I": 21123.82,
            "T": 21446.96,
            "S": 18874.52,
            "U": 13913.6,
            "E": 31331.28,
            "V": 4541.94,
            "Q": 2531.8,
            "J": 1022.68,
            "A": 22345.62,
            "M": 8561.3,
            "È": 885.1,
            "L": 10899.46,
            "H": 3275.48,
            "F": 4107.24,
            "C": 8662.14,
            "N": 18930.48,
            "D": 7192.04,
            "Ù": 114.52,
            "X": 1393.22,
            "B": 3089.52,
            "Ê": 542.14,
            "É": 5367.1,
            "Î": 267.6,
            "Z": 448.48,
            "Ç": 261.82,
            "Â": 137.3,
            "Û": 124.44,
            "À": 196.5,
            "W": 248.6,
            "Ô": 181.08,
            "Ï": 26.74,
            "º": 5.14,
            "Ü": 0.96,
            "Ë": 1.1
        },
        "execution_time": 0.031050655841827392,
        "statistics": {
            "Mean": 6603.284999999998,
            "Variance": 69222235.328595,
            "Standard Deviation": 8319.990103876025,
            "Smallest Counter Value": 0.96,
            "Largest Counter Value": 31331.28,
            "Mean Absolute Error": 4.9280000000001225,
            "Mean Relative Error": 0.007120788535691286,
            "Mean Accuracy Ratio": 1.0026901587344166,
            "Error Statistics": {
                "Normalized Absolute Error Stats": {
                    "Lowest": 0.040000000000000036,
                    "Highest": 28.479999999999563,
                    "Average": 4.9280000000001225
                },
                "Relative Error Stat": 0.0007464037289894276
            }
        },
        "statistics_E": {
            "Mean": 31331.28,
            "Variance": 0.0,
            "Standard Deviation": 0.0,
            "Smallest Counter Value": 0.96,
            "Largest Counter Value": 31331.28,
            "Mean Absolute Error": 14.720000000001164,
            "Mean Relative Error": 0.0004695973967970766,
            "Mean Accuracy Ratio": 0.9995304026032029,
            "Error Statistics": {
                "Normalized Absolute Error": 14.720000000001164,
                "Relative Error": 0.0004695973967970766
            }
        }
    },
    "space_saving_k_3": {
        "estimated_counts": {
            "R": 88031,
            "N": 88031,
            "E": 88031
        },
        "execution_time": 0.1389620304107666,
        "statistics": {
            "Mean": 88031.0,
            "Variance": 0.0,
            "Standard Deviation": 0.0,
            "Smallest Counter Value": 88031,
            "Largest Counter Value": 88031,
            "Mean Absolute Error": 9633.65,
            "Mean Relative Error": 1.1405873491328786,
            "Mean Accuracy Ratio": 0.29058734913287876,
            "Error Statistics": {
                "Normalized Absolute Error Stats": {
                    "Lowest": 1,
                    "Highest": 69129,
                    "Average": 9633.65
                },
                "Relative Error Stat": 1.459129927714858
            }
        },
        "statistics_E": {
            "Mean": 88031,
            "Variance": 0,
            "Standard Deviation": 0.0,
            "Smallest Counter Value": 88031,
            "Largest Counter Value": 88031,
            "Mean Absolute Error": 56685,
            "Mean Relative Error": 1.8083647036304473,
            "Mean Accuracy Ratio": 2.8083647036304473,
            "Error Statistics": {
                "Normalized Absolute Error": 56685,
                "Relative Error": 1.8083647036304473
            }
        }
    },
    "space_saving_k_5": {
        "estimated_counts": {
            "E": 52820,
            "S": 52818,
            "V": 52818,
            "R": 52818,
            "N": 52819
        },
        "execution_time": 0.139723539352417,
        "statistics": {
            "Mean": 52818.6,
            "Variance": 0.6399999999999999,
            "Standard Deviation": 0.7999999999999999,
            "Smallest Counter Value": 52818,
            "Largest Counter Value": 52820,
            "Mean Absolute Error": 8464.05,
            "Mean Relative Error": 1.2850031671174975,
            "Mean Accuracy Ratio": 0.5350031671174974,
            "Error Statistics": {
                "Normalized Absolute Error Stats": {
                    "Lowest": 1,
                    "Highest": 48274,
                    "Average": 8464.05
                },
                "Relative Error Stat": 1.2819802115163976
            }
        },
        "statistics_E": {
            "Mean": 52820,
            "Variance": 0,
            "Standard Deviation": 0.0,
            "Smallest Counter Value": 52818,
            "Largest Counter Value": 52820,
            "Mean Absolute Error": 21474,
            "Mean Relative Error": 0.6850634849741594,
            "Mean Accuracy Ratio": 1.6850634849741595,
            "Error Statistics": {
                "Normalized Absolute Error": 21474,
                "Relative Error": 0.6850634849741594
            }
        }
    },
    "space_saving_k_10": {
        "estimated_counts": {
            "E": 31346,
            "O": 25862,
            "U": 25861,
            "R": 25861,
            "S": 25861,
            "B": 25860,
            "Y": 25860,
            "L": 25860,
            "V": 25861,
            "N": 25861
        },
        "execution_time": 0.10956478118896484,
        "statistics": {
            "Mean": 26409.3,
            "Variance": 2707890.0100000007,
            "Standard Deviation": 1645.5667747010452,
            "Smallest Counter Value": 25860,
            "Largest Counter Value": 31346,
            "Mean Absolute Error": 6244.35,
            "Mean Relative Error": 1.865878927331251,
            "Mean Accuracy Ratio": 1.365878927331251,
            "Error Statistics": {
                "Normalized Absolute Error Stats": {
                    "Lowest": 0,
                    "Highest": 24990,
                    "Average": 6244.35
                },
                "Relative Error Stat": 0.9457804637002873
            }
        },
        "statistics_E": {
            "Mean": 31346,
            "Variance": 0,
            "Standard Deviation": 0.0,
            "Smallest Counter Value": 25860,