{
    "exact_counts": {
        "counts": {
            "P": 9040,
            "R": 21172,
            "O": 15620,
            "D": 7196,
            "U": 13912,
            "C": 8654,
            "E": 31346,
            "B": 3089,
            "Y": 870,
            "K": 319,
            "S": 18848,
            "G": 5034,
            "A": 22349,
            "T": 21447,
            "I": 21134,
            "J": 1024,
            "L": 10903,
            "V": 4544,
            "N": 18902,
            "M": 8556,
            "Q": 2540,
            "È": 888,
            "H": 3270,
            "F": 4122,
            "É": 5367,
            "Î": 268,
            "Ù": 114,
            "X": 1391,
            "Ê": 541,
            "Ô": 181,
            "Z": 450,
            "Ç": 265,
            "W": 248,
            "Â": 138,
            "Û": 123,
            "À": 195,
            "Ï": 26,
            "º": 5,
            "Ü": 1,
            "Ë": 1
        },
        "execution_time": 0.026220083236694336,
        "statistics": {
            "Mean": 6602.325,
            "Variance": 69193782.96937495,
            "Standard Deviation": 8318.280048746554,
            "Smallest Counter Value": 1,
            "Largest Counter Value": 31346
        },
        "statistics_E": {
            "Mean": 31346,
            "Variance": 0,
            "Standard Deviation": 0.0,
            "Smallest Counter Value": 1,
            "Largest Counter Value": 31346
        }
    },
    "fixed_probability_avg": {
        "estimated_counts": {
            "O": 15616.8,
            "D": 7202.36,
            "U": 13906.54,
            "E": 31334.96,
            "B": 3089.86,
            "K": 319.82,
            "R": 21169.6,
            "T": 21472.76,
            "V": 4541.62,
            "M": 8545.12,
            "N": 18915.44,
            "Q": 2544.42,
            "I": 21145.12,
            "G": 5022.12,
            "S": 18819.98,
            "J": 1020.38,
            "L": 10901.38,
            "A": 22351.88,
            "C": 8662.1,
            "P": 9024.68,
            "Ù": 113.22,
            "F": 4115.1,
            "H": 3272.0,
            "È": 889.9,
            "X": 1387.52,
            "Ê": 541.94,
            "É": 5362.04,
            "Î": 262.58,
            "W": 248.7,
            "Â": 139.28,
            "Û": 123.72,
            "Ç": 261.78,
            "Y": 872.52,
            "À": 197.3,
            "Z": 450.16,
            "Ô": 181.94,
            "Ï": 26.66,
            "º": 5.26,
            "Ü": 1.08,
            "Ë": 1.04
        },
        "execution_time": 0.033164682388305666,
        "statistics": {
            "Mean": 6601.517,
            "Variance": 69195078.319271,
            "Standard Deviation": 8318.35791002473,
            "Smallest Counter Value": 1.04,
            "Largest Counter Value": 31334.96,
            "Mean Absolute Error": 5.220999999999991,
            "Mean Relative Error": 0.007636038730610212,
            "Mean Accuracy Ratio": 1.0048160323928579,
            "Error Statistics": {
                "Normalized Absolute Error Stats": {
                    "Lowest": 0.040000000000000036,
                    "Highest": 28.020000000000437,
                    "Average": 5.220999999999991
                },
                "Relative Error Stat": 0.0007907820351164159
            }
        },
        "statistics_E": {
            "Mean": 31334.96,
            "Variance": 0.0,
            "Standard Deviation": 0.0,
            "Smallest Counter Value": 1.04,
            "Largest Counter Value": 31334.96,
            "Mean Absolute Error": 11.040000000000873,
            "Mean Relative Error": 0.0003521980475978075,
            "Mean Accuracy Ratio": 0.9996478019524022,
            "Error Statistics": {
                "Normalized Absolute Error": 11.040000000000873,
                "Relative Error": 0.0003521980475978075
            }
        }
    },
    "space_saving_k_3": {
        "estimated_counts": {
            "R": 88031,
            "N": 88031,
            "E": 88031
        },
        "execution_time": 0.1550891399383545,
        "statistics": {
            "Mean": 88031.0,
            "Variance": 0.0,
            "Standard Deviation": 0.0,
            "Smallest Counter Value": 88031,
            "Largest Counter Value": 88031,
            "Mean Absolute Error": 9633.65,
            "Mean Relative Error": 1.1405873491328786,
            "Mean Accuracy Ratio": 0.29058734913287876,
            "Error Statistics": {
                "Normalized Absolute Error Stats": {
                    "Lowest": 1,
                    "Highest": 69129,
                    "Average": 9633.65
                },
                "Relative Error Stat": 1.459129927714858
            }
        },
        "statistics_E": {
            "Mean": 88031,
            "Variance": 0,
            "Standard Deviation": 0.0,
            "Smallest Counter Value": 88031,
            "Largest Counter Value": 88031,
            "Mean Absolute Error": 56685,
            "Mean Relative Error": 1.8083647036304473,
            "Mean Accuracy Ratio": 2.8083647036304473,
            "Error Statistics": {
                "Normalized Absolute Error": 56685,
                "Relative Error": 1.8083647036304473
            }
        }
    },
    "space_saving_k_5": {
        "estimated_counts": {
            "E": 52820,
            "S": 52818,
            "V": 52818,
            "R": 52818,
            "N": 52819
        },
        "execution_time": 0.13702988624572754,
        "statistics": {
            "Mean": 52818.6,
            "Variance": 0.6399999999999999,
            "Standard Deviation": 0.7999999999999999,
            "Smallest Counter Value": 52818,
            "Largest Counter Value": 52820,
            "Mean Absolute Error": 8464.05,
            "Mean Relative Error": 1.2850031671174975,
            "Mean Accuracy Ratio": 0.5350031671174974,
            "Error Statistics": {
                "Normalized Absolute Error Stats": {
                    "Lowest": 1,
                    "Highest": 48274,
                    "Average": 8464.05
                },
                "Relative Error Stat": 1.2819802115163976
            }
        },
        "statistics_E": {
            "Mean": 52820,
            "Variance": 0,
            "Standard Deviation": 0.0,
            "Smallest Counter Value": 52818,
            "Largest Counter Value": 52820,
            "Mean Absolute Error": 21474,
            "Mean Relative Error": 0.6850634849741594,
            "Mean Accuracy Ratio": 1.6850634849741595,
            "Error Statistics": {
                "Normalized Absolute Error": 21474,
                "Relative Error": 0.6850634849741594
            }
        }
    },
    "space_saving_k_10": {
        "estimated_counts": {
            "E": 31346,
            "O": 25862,
            "U": 25861,
            "R": 25861,
            "S": 25861,
            "B": 25860,
            "Y": 25860,
            "L": 25860,
            "V": 25861,
            "N": 25861
        },
        "execution_time": 0.10749959945678711,
        "statistics": {
            "Mean": 26409.3,
            "Variance": 2707890.0100000007,
            "Standard Deviation": 1645.5667747010452,
            "Smallest Counter Value": 25860,
            "Largest Counter Value": 31346,
            "Mean Absolute Error": 6244.35,
            "Mean Relative Error": 1.865878927331251,
            "Mean Accuracy Ratio": 1.365878927331251,
            "Error Statistics": {
                "Normalized Absolute Error Stats": {
                    "Lowest": 0,
                    "Highest": 24990,
                    "Average": 6244.35
                },
                "Relative Error Stat": 0.9457804637002873
            }
        },
        "statistics_E": {
            "Mean": 31346,
            "Variance": 0,
            "Standard Deviation": 0.0,
            "Smallest Counter Value": 25860,