{
    "exact_counts": {
        "counts": {
            "P": 9040,
            "R": 21172,
            "O": 15620,
            "D": 7196,
            "U": 13912,
            "C": 8654,
            "E": 31346,
            "B": 3089,
            "Y": 870,
            "K": 319,
            "S": 18848,
            "G": 5034,
            "A": 22349,
            "T": 21447,
            "I": 21134,
            "J": 1024,
            "L": 10903,
            "V": 4544,
            "N": 18902,
            "M": 8556,
            "Q": 2540,
            "È": 888,
            "H": 3270,
            "F": 4122,
            "É": 5367,
            "Î": 268,
            "Ù": 114,
            "X": 1391,
            "Ê": 541,
            "Ô": 181,
            "Z": 450,
            "Ç": 265,
            "W": 248,
            "Â": 138,
            "Û": 123,
            "À": 195,
            "Ï": 26,
            "º": 5,
            "Ü": 1,
            "Ë": 1
        },
        "execution_time": 0.031538963317871094,
        "statistics": {
            "Mean": 6602.325,
            "Variance": 69193782.96937495,
            "Standard Deviation": 8318.280048746554,
            "Smallest Counter Value": 1,
            "Largest Counter Value": 31346
        },
        "statistics_E": {
            "Mean": 31346,
            "Variance": 0,
            "Standard Deviation": 0.0,
            "Smallest Counter Value": 1,
            "Largest Counter Value": 31346
        }
    },
    "fixed_probability_avg": {
        "estimated_counts": {
            "P": 9032.24,
            "R": 21161.1,
            "U": 13901.26,
            "C": 8659.3,
            "D": 7195.82,
            "E": 31341.26,
            "B": 3091.06,
            "K": 320.9,
            "S": 18846.92,
            "G": 5028.18,
            "I": 21125.92,
            "J": 1025.82,
            "L": 10893.6,
            "N": 18910.08,
            "T": 21432.84,
            "O": 15605.62,
            "M": 8562.72,
            "V": 4539.28,
            "A": 22330.0,
            "Q": 2550.58,
            "H": 3264.5,
            "Ù": 114.08,
            "F": 4131.82,
            "X": 1391.0,
            "É": 5357.1,
            "Ê": 541.76,
            "È": 893.62,
            "Î": 268.3,
            "Ç": 264.72,
            "W": 250.76,
            "Y": 872.58,
            "Û": 121.66,
            "Â": 138.1,
            "Z": 448.64,
            "Ô": 180.94,
            "À": 194.4,
            "Ï": 26.62,
            "º": 4.66,
            "Ë": 1.12,
            "Ü": 1.08
        },
        "execution_time": 0.0332999587059021,
        "statistics": {
            "Mean": 6600.548999999997,
            "Variance": 69135833.25181904,
            "Standard Deviation": 8314.796043909859,
            "Smallest Counter Value": 1.08,
            "Largest Counter Value": 31341.26,
            "Mean Absolute Error": 4.741000000000126,
            "Mean Relative Error": 0.0090787673582298,
            "Mean Accuracy Ratio": 1.004170906668072,
            "Error Statistics": {
                "Normalized Absolute Error Stats": {
                    "Lowest": 0.0,
                    "Highest": 19.0,
                    "Average": 4.741000000000126
                },
                "Relative Error Stat": 0.0007180803732018835
            }
        },
        "statistics_E": {
            "Mean": 31341.26,
            "Variance": 0.0,
            "Standard Deviation": 0.0,
            "Smallest Counter Value": 1.08,
            "Largest Counter Value": 31341.26,
            "Mean Absolute Error": 4.740000000001601,
            "Mean Relative Error": 0.0001512154660882282,
            "Mean Accuracy Ratio": 0.9998487845339118,
            "Error Statistics": {
                "Normalized Absolute Error": 4.740000000001601,
                "Relative Error": 0.0001512154660882282
            }
        }
    },
    "space_saving_k_3": {
        "estimated_counts": {
            "R": 88031,
            "N": 88031,
            "E": 88031
        },
        "execution_time": 0.15363621711730957,
        "statistics": {
            "Mean": 88031.0,
            "Variance": 0.0,
            "Standard Deviation": 0.0,
            "Smallest Counter Value": 88031,
            "Largest Counter Value": 88031,
            "Mean Absolute Error": 9633.65,
            "Mean Relative Error": 1.1405873491328786,
            "Mean Accuracy Ratio": 0.29058734913287876,
            "Error Statistics": {
                "Normalized Absolute Error Stats": {
                    "Lowest": 1,
                    "Highest": 69129,
                    "Average": 9633.65
                },
                "Relative Error Stat": 1.459129927714858
            }
        },
        "statistics_E": {
            "Mean": 88031,
            "Variance": 0,
            "Standard Deviation": 0.0,
            "Smallest Counter Value": 88031,
            "Largest Counter Value": 88031,
            "Mean Absolute Error": 56685,
            "Mean Relative Error": 1.8083647036304473,
            "Mean Accuracy Ratio": 2.8083647036304473,
            "Error Statistics": {
                "Normalized Absolute Error": 56685,
                "Relative Error": 1.8083647036304473
            }
        }
    },
    "space_saving_k_5": {
        "estimated_counts": {
            "E": 52820,
            "S": 52818,
            "V": 52818,
            "R": 52818,
            "N": 52819
        },
        "execution_time": 0.1597764492034912,
        "statistics": {
            "Mean": 52818.6,
            "Variance": 0.6399999999999999,
            "Standard Deviation": 0.7999999999999999,
            "Smallest Counter Value": 52818,
            "Largest Counter Value": 52820,
            "Mean Absolute Error": 8464.05,
            "Mean Relative Error": 1.2850031671174975,
            "Mean Accuracy Ratio": 0.5350031671174974,
            "Error Statistics": {
                "Normalized Absolute Error Stats": {
                    "Lowest": 1,
                    "Highest": 48274,
                    "Average": 8464.05
                },
                "Relative Error Stat": 1.2819802115163976
            }
        },
        "statistics_E": {
            "Mean": 52820,
            "Variance": 0,
            "Standard Deviation": 0.0,
            "Smallest Counter Value": 52818,
            "Largest Counter Value": 52820,
            "Mean Absolute Error": 21474,
            "Mean Relative Error": 0.6850634849741594,
            "Mean Accuracy Ratio": 1.6850634849741595,
            "Error Statistics": {
                "Normalized Absolute Error": 21474,
                "Relative Error": 0.6850634849741594
            }
        }
    },
    "space_saving_k_10": {
        "estimated_counts": {
            "E": 31346,
            "O": 25862,
            "U": 25861,
            "R": 25861,
            "S": 25861,
            "B": 25860,
            "Y": 25860,
            "L": 25860,
            "V": 25861,
            "N": 25861
        },
        "execution_time": 0.14760684967041016,
        "statistics": {
            "Mean": 26409.3,
            "Variance": 2707890.0100000007,
            "Standard Deviation": 1645.5667747010452,
            "Smallest Counter Value": 25860,
            "Largest Counter Value": 31346,
            "Mean Absolute Error": 6244.35,
            "Mean Relative Error": 1.865878927331251,
            "Mean Accuracy Ratio": 1.365878927331251,
            "Error Statistics": {
                "Normalized Absolute Error Stats": {
                    "Lowest": 0,
                    "Highest": 24990,
                    "Average": 6244.35
                },
                "Relative Error Stat": 0.9457804637002873
            }
        },
        "statistics_E": {
            "Mean": 31346,
            "Variance": 0,
            "Standard Deviation": 0.0,
            "Smallest Counter Value": 25860,
            "Largest Counter Value": 31346,