{
    "exact_counts": {
        "counts": {
            "J": 6224,
            "U": 6131,
            "L": 11042,
            "E": 60595,
            "S": 11645,
            "V": 7469,
            "R": 18912,
            "N": 32507,
            "D": 19093,
            "I": 19862,
            "O": 21531,
            "M": 7969,
            "W": 5225,
            "A": 24267,
            "G": 12689,
            "F": 3187,
            "C": 4662,
            "H": 11713,
            "T": 21390,
            "K": 6973,
            "P": 5421,
            "B": 4583,
            "Q": 29,
            "Z": 6097,
            "Y": 349,
            "Ï": 31,
            "X": 382,
            "Ë": 88,
            "È": 30,
            "É": 63,
            "Ó": 92,
            "À": 6,
            "Ê": 2,
            "Ò": 1,
            "Â": 1,
            "Ô": 4
        },
        "execution_time": 0.03103923797607422,
        "statistics": {
            "Mean": 9174.027777777777,
            "Variance": 146453680.08256176,
            "Standard Deviation": 12101.80482748593,
            "Smallest Counter Value": 1,
            "Largest Counter Value": 60595
        },
        "statistics_E": {
            "Mean": 60595,
            "Variance": 0,
            "Standard Deviation": 0.0,
            "Smallest Counter Value": 1,
            "Largest Counter Value": 60595
        }
    },
    "fixed_probability_avg": {
        "estimated_counts": {
            "J": 6240.84,
            "S": 11649.76,
            "N": 32510.14,
            "E": 60593.52,
            "D": 19097.94,
            "R": 18936.22,
            "I": 19869.88,
            "M": 7970.72,
            "L": 11046.6,
            "A": 24284.68,
            "F": 3185.82,
            "H": 11705.04,
            "O": 21515.32,
            "T": 21409.1,
            "W": 5226.12,
            "P": 5425.44,
            "G": 12703.34,
            "K": 6979.7,
            "V": 7473.56,
            "B": 4578.66,
            "U": 6127.52,
            "Q": 29.58,
            "Z": 6100.74,
            "C": 4665.68,
            "Y": 345.62,
            "É": 62.16,
            "Ó": 93.08,
            "Ë": 87.66,
            "X": 385.1,
            "È": 30.66,
            "Ê": 1.78,
            "Ò": 0.96,
            "Â": 1.0,
            "Ï": 29.94,
            "Ô": 3.88,
            "À": 5.86
        },
        "execution_time": 0.038665134906768796,
        "statistics": {
            "Mean": 9177.045,
            "Variance": 146489511.17163053,
            "Standard Deviation": 12103.285139648266,
            "Smallest Counter Value": 0.96,
            "Largest Counter Value": 60593.52,
            "Mean Absolute Error": 5.25388888888895,
            "Mean Relative Error": 0.009503300376353024,
            "Mean Accuracy Ratio": 0.9946296465951756,
            "Error Statistics": {
                "Normalized Absolute Error Stats": {
                    "Lowest": 0.0,
                    "Highest": 24.220000000001164,
                    "Average": 5.25388888888895
                },
                "Relative Error Stat": 0.0005726916264212139
            }
        },
        "statistics_E": {
            "Mean": 60593.52,
            "Variance": 0.0,
            "Standard Deviation": 0.0,
            "Smallest Counter Value": 0.96,
            "Largest Counter Value": 60593.52,
            "Mean Absolute Error": 1.4800000000032014,
            "Mean Relative Error": 2.442445746353992e-05,
            "Mean Accuracy Ratio": 0.9999755755425365,
            "Error Statistics": {
                "Normalized Absolute Error": 1.4800000000032014,
                "Relative Error": 2.442445746353992e-05
            }
        }
    },
    "space_saving_k_3": {
        "estimated_counts": {
            "P": 110089,
            "E": 110088,
            "N": 110088
        },
        "execution_time": 0.14782118797302246,
        "statistics": {
            "Mean": 110088.33333333333,
            "Variance": 0.22222222222222224,
            "Standard Deviation": 0.4714045207910317,
            "Smallest Counter Value": 110088,
            "Largest Counter Value": 110089,
            "Mean Absolute Error": 12874.555555555555,
            "Mean Relative Error": 1.5419792776459382,
            "Mean Accuracy Ratio": 0.7086459443126049,
            "Error Statistics": {
                "Normalized Absolute Error Stats": {
                    "Lowest": 1,
                    "Highest": 104668,
                    "Average": 12874.555555555555
                },
                "Relative Error Stat": 1.4033700210437072
            }
        },
        "statistics_E": {
            "Mean": 110088,
            "Variance": 0,
            "Standard Deviation": 0.0,
            "Smallest Counter Value": 110088,
            "Largest Counter Value": 110089,
            "Mean Absolute Error": 49493,
            "Mean Relative Error": 0.8167835630002476,
            "Mean Accuracy Ratio": 1.8167835630002476,
            "Error Statistics": {
                "Normalized Absolute Error": 49493,
                "Relative Error": 0.8167835630002476
            }
        }
    },
    "space_saving_k_5": {
        "estimated_counts": {
            "E": 66054,
            "S": 66052,
            "T": 66052,
            "P": 66054,
            "N": 66053
        },
        "execution_time": 0.14239740371704102,
        "statistics": {
            "Mean": 66053.0,
            "Variance": 0.8,
            "Standard Deviation": 0.8944271909999159,
            "Smallest Counter Value": 66052,
            "Largest Counter Value": 66054,
            "Mean Absolute Error": 11039.277777777777,
            "Mean Relative Error": 1.390750223244059,
            "Mean Accuracy Ratio": 0.6685280010218366,
            "Error Statistics": {
                "Normalized Absolute Error Stats": {
                    "Lowest": 1,
                    "Highest": 60633,
                    "Average": 11039.277777777777
                },
                "Relative Error Stat": 1.2033185472272265
            }
        },
        "statistics_E": {
            "Mean": 66054,
            "Variance": 0,
            "Standard Deviation": 0.0,
            "Smallest Counter Value": 66052,
            "Largest Counter Value": 66054,
            "Mean Absolute Error": 5459,
            "Mean Relative Error": 0.09008994141430811,
            "Mean Accuracy Ratio": 1.0900899414143082,
            "Error Statistics": {
                "Normalized Absolute Error": 5459,
                "Relative Error": 0.09008994141430811
            }
        }
    },
    "space_saving_k_10": {
        "estimated_counts": {
            "E": 60595,
            "N": 32511,
            "R": 29645,
            "A": 29648,
            "O": 29645,
            "T": 29644,
            "J": 29643,
            "S": 29644,
            "D": 29645,
            "P": 29645
        },
        "execution_time": 0.11893582344055176,
        "statistics": {
            "Mean": 33026.5,
            "Variance": 85177104.85,
            "Standard Deviation": 9229.144318407854,
            "Smallest Counter Value": 29643,
            "Largest Counter Value": 60595,
            "Mean Absolute Error": 6037.777777777777,
            "Mean Relative Error": 1.0522685343326665,
            "Mean Accuracy Ratio": 0.6078240898882221,
            "Error Statistics": {
                "Normalized Absolute Error Stats": {
                    "Lowest": 0,
                    "Highest": 24224,
                    "Average": 6037.777777777777
                },
                "Relative Error Stat": 0.6581381617791773
            }
        },
        "statistics_E": {
            "Mean": 60595,
            "Variance": 0,
            "Standard Deviation": 0.0,
            "Smallest Counter Value": 29643,
            "Largest Counter Value": 60595,
            "Mean Absolute Error": 0,
            "Mean Relative Error": 0.0,