{
    "exact_counts": {
        "counts": {
            "J": 6224,
            "U": 6131,
            "L": 11042,
            "E": 60595,
            "S": 11645,
            "V": 7469,
            "R": 18912,
            "N": 32507,
            "D": 19093,
            "I": 19862,
            "O": 21531,
            "M": 7969,
            "W": 5225,
            "A": 24267,
            "G": 12689,
            "F": 3187,
            "C": 4662,
            "H": 11713,
            "T": 21390,
            "K": 6973,
            "P": 5421,
            "B": 4583,
            "Q": 29,
            "Z": 6097,
            "Y": 349,
            "Ï": 31,
            "X": 382,
            "Ë": 88,
            "È": 30,
            "É": 63,
            "Ó": 92,
            "À": 6,
            "Ê": 2,
            "Ò": 1,
            "Â": 1,
            "Ô": 4
        },
        "execution_time": 0.03519010543823242,
        "statistics": {
            "Mean": 9174.027777777777,
            "Variance": 146453680.08256176,
            "Standard Deviation": 12101.80482748593,
            "Smallest Counter Value": 1,
            "Largest Counter Value": 60595
        },
        "statistics_E": {
            "Mean": 60595,
            "Variance": 0,
            "Standard Deviation": 0.0,
            "Smallest Counter Value": 1,
            "Largest Counter Value": 60595
        }
    },
    "fixed_probability_avg": {
        "estimated_counts": {
            "S": 11639.64,
            "E": 60599.58,
            "N": 32520.44,
            "D": 19093.02,
            "W": 5224.5,
            "R": 18925.04,
            "L": 11033.48,
            "A": 24261.62,
            "G": 12700.44,
            "F": 3186.86,
            "C": 4653.86,
            "V": 7457.4,
            "U": 6140.58,
            "P": 5413.72,
            "I": 19863.48,
            "O": 21508.34,
            "K": 6979.52,
            "M": 7955.74,
            "H": 11707.04,
            "T": 21383.82,
            "J": 6225.0,
            "Q": 27.86,
            "B": 4581.68,
            "Z": 6094.46,
            "Y": 350.22,
            "Ï": 29.76,
            "É": 63.42,
            "Ó": 91.98,
            "Ê": 2.02,
            "Ë": 87.3,
            "X": 381.34,
            "À": 6.36,
            "È": 29.54,
            "Ô": 4.22,
            "Ò": 0.98,
            "Â": 0.92
        },
        "execution_time": 0.043172032833099366,
        "statistics": {
            "Mean": 9172.921666666663,
            "Variance": 146472645.4180528,
            "Standard Deviation": 12102.58837679167,
            "Smallest Counter Value": 0.92,
            "Largest Counter Value": 60599.58,
            "Mean Absolute Error": 4.625000000000104,
            "Mean Relative Error": 0.0098603796506418,
            "Mean Accuracy Ratio": 0.9979160812165522,
            "Error Statistics": {
                "Normalized Absolute Error Stats": {
                    "Lowest": 0.01999999999999602,
                    "Highest": 22.659999999999854,
                    "Average": 4.625000000000104
                },
                "Relative Error Stat": 0.0005041406143551504
            }
        },
        "statistics_E": {
            "Mean": 60599.58,
            "Variance": 0.0,
            "Standard Deviation": 0.0,
            "Smallest Counter Value": 0.92,
            "Largest Counter Value": 60599.58,
            "Mean Absolute Error": 4.580000000001746,
            "Mean Relative Error": 7.558379404244156e-05,
            "Mean Accuracy Ratio": 1.0000755837940425,
            "Error Statistics": {
                "Normalized Absolute Error": 4.580000000001746,
                "Relative Error": 7.558379404244156e-05
            }
        }
    },
    "space_saving_k_3": {
        "estimated_counts": {
            "P": 110089,
            "E": 110088,
            "N": 110088
        },
        "execution_time": 0.16676807403564453,
        "statistics": {
            "Mean": 110088.33333333333,
            "Variance": 0.22222222222222224,
            "Standard Deviation": 0.4714045207910317,
            "Smallest Counter Value": 110088,
            "Largest Counter Value": 110089,
            "Mean Absolute Error": 12874.555555555555,
            "Mean Relative Error": 1.5419792776459382,
            "Mean Accuracy Ratio": 0.7086459443126049,
            "Error Statistics": {
                "Normalized Absolute Error Stats": {
                    "Lowest": 1,
                    "Highest": 104668,
                    "Average": 12874.555555555555
                },
                "Relative Error Stat": 1.4033700210437072
            }
        },
        "statistics_E": {
            "Mean": 110088,
            "Variance": 0,
            "Standard Deviation": 0.0,
            "Smallest Counter Value": 110088,
            "Largest Counter Value": 110089,
            "Mean Absolute Error": 49493,
            "Mean Relative Error": 0.8167835630002476,
            "Mean Accuracy Ratio": 1.8167835630002476,
            "Error Statistics": {
                "Normalized Absolute Error": 49493,
                "Relative Error": 0.8167835630002476
            }
        }
    },
    "space_saving_k_5": {
        "estimated_counts": {
            "E": 66054,
            "S": 66052,
            "T": 66052,
            "P": 66054,
            "N": 66053
        },
        "execution_time": 0.16518497467041016,
        "statistics": {
            "Mean": 66053.0,
            "Variance": 0.8,
            "Standard Deviation": 0.8944271909999159,
            "Smallest Counter Value": 66052,
            "Largest Counter Value": 66054,
            "Mean Absolute Error": 11039.277777777777,
            "Mean Relative Error": 1.390750223244059,
            "Mean Accuracy Ratio": 0.6685280010218366,
            "Error Statistics": {
                "Normalized Absolute Error Stats": {
                    "Lowest": 1,
                    "Highest": 60633,
                    "Average": 11039.277777777777
                },
                "Relative Error Stat": 1.2033185472272265
            }
        },
        "statistics_E": {
            "Mean": 66054,
            "Variance": 0,
            "Standard Deviation": 0.0,
            "Smallest Counter Value": 66052,
            "Largest Counter Value": 66054,
            "Mean Absolute Error": 5459,
            "Mean Relative Error": 0.09008994141430811,
            "Mean Accuracy Ratio": 1.0900899414143082,
            "Error Statistics": {
                "Normalized Absolute Error": 5459,
                "Relative Error": 0.09008994141430811
            }
        }
    },
    "space_saving_k_10": {
        "estimated_counts": {
            "E": 60595,
            "N": 32511,
            "R": 29645,
            "A": 29648,
            "O": 29645,
            "T": 29644,
            "J": 29643,
            "S": 29644,
            "D": 29645,
            "P": 29645
        },
        "execution_time": 0.1401381492614746,
        "statistics": {
            "Mean": 33026.5,
            "Variance": 85177104.85,
            "Standard Deviation": 9229.144318407854,
            "Smallest Counter Value": 29643,
            "Largest Counter Value": 60595,
            "Mean Absolute Error": 6037.777777777777,
            "Mean Relative Error": 1.0522685343326665,
            "Mean Accuracy Ratio": 0.6078240898882221,
            "Error Statistics": {
                "Normalized Absolute Error Stats": {
                    "Lowest": 0,
                    "Highest": 24224,
                    "Average": 6037.777777777777
                },
                "Relative Error Stat": 0.6581381617791773
            }
        },
        "statistics_E": {
            "Mean": 60595,
            "Variance": 0,
            "Standard Deviation": 0.0,
            "Smallest Counter Value": 29643,
            "Largest Counter Value": 60595,
            "Mean Absolute Error": 0,