{
    "exact_counts": {
        "counts": {
            "J": 6224,
            "U": 6131,
            "L": 11042,
            "E": 60595,
            "S": 11645,
            "V": 7469,
            "R": 18912,
            "N": 32507,
            "D": 19093,
            "I": 19862,
            "O": 21531,
            "M": 7969,
            "W": 5225,
            "A": 24267,
            "G": 12689,
            "F": 3187,
            "C": 4662,
            "H": 11713,
            "T": 21390,
            "K": 6973,
            "P": 5421,
            "B": 4583,
            "Q": 29,
            "Z": 6097,
            "Y": 349,
            "Ï": 31,
            "X": 382,
            "Ë": 88,
            "È": 30,
            "É": 63,
            "Ó": 92,
            "À": 6,
            "Ê": 2,
            "Ò": 1,
            "Â": 1,
            "Ô": 4
        },
        "execution_time": 0.03891944885253906,
        "statistics": {
            "Mean": 9174.027777777777,
            "Variance": 146453680.08256176,
            "Standard Deviation": 12101.80482748593,
            "Smallest Counter Value": 1,
            "Largest Counter Value": 60595
        },
        "statistics_E": {
            "Mean": 60595,
            "Variance": 0,
            "Standard Deviation": 0.0,
            "Smallest Counter Value": 1,
            "Largest Counter Value": 60595
        }
    },
    "fixed_probability_avg": {
        "estimated_counts": {
            "U": 6131.3212,
            "E": 60595.9984,
            "V": 7469.408,
            "R": 18910.5084,
            "D": 19091.0244,
            "I": 19863.8082,
            "W": 5224.294,
            "L": 11041.5904,
            "G": 12688.5392,
            "A": 24268.3584,
            "S": 11645.0632,
            "H": 11711.71,
            "O": 21532.6808,
            "T": 21388.763,
            "K": 6973.8038,
            "N": 32507.101,
            "P": 5420.0678,
            "F": 3186.198,
            "M": 7969.1276,
            "C": 4661.7094,
            "J": 6223.5816,
            "B": 4583.61,
            "Q": 29.0566,
            "Z": 6096.8864,
            "Y": 348.7946,
            "Ï": 31.0592,
            "X": 382.2218,
            "È": 29.946,
            "É": 62.9482,
            "À": 6.0092,
            "Ê": 1.9828,
            "Ó": 91.9392,
            "Ë": 87.9244,
            "Â": 1.0134,
            "Ô": 4.0096,
            "Ò": 0.998
        },
        "execution_time": 0.04540751285552978,
        "statistics": {
            "Mean": 9173.973783333333,
            "Variance": 146457460.31498173,
            "Standard Deviation": 12101.961011132937,
            "Smallest Counter Value": 0.998,
            "Largest Counter Value": 60595.9984,
            "Mean Absolute Error": 0.5345722222222437,
            "Mean Relative Error": 0.0010793947485967176,
            "Mean Accuracy Ratio": 1.0001648749587846,
            "Error Statistics": {
                "Normalized Absolute Error Stats": {
                    "Lowest": 0.0020000000000000018,
                    "Highest": 1.9756000000015774,
                    "Average": 0.5345722222222437
                },
                "Relative Error Stat": 5.827017697909489e-05
            }
        },
        "statistics_E": {
            "Mean": 60595.9984,
            "Variance": 0.0,
            "Standard Deviation": 0.0,
            "Smallest Counter Value": 0.998,
            "Largest Counter Value": 60595.9984,
            "Mean Absolute Error": 0.9983999999967637,
            "Mean Relative Error": 1.647660698072058e-05,
            "Mean Accuracy Ratio": 1.0000164766069808,
            "Error Statistics": {
                "Normalized Absolute Error": 0.9983999999967637,
                "Relative Error": 1.647660698072058e-05
            }
        }
    },
    "space_saving_k_3": {
        "estimated_counts": {
            "P": 110089,
            "E": 110088,
            "N": 110088
        },
        "execution_time": 0.1814887523651123,
        "statistics": {
            "Mean": 110088.33333333333,
            "Variance": 0.22222222222222224,
            "Standard Deviation": 0.4714045207910317,
            "Smallest Counter Value": 110088,
            "Largest Counter Value": 110089,
            "Mean Absolute Error": 12874.555555555555,
            "Mean Relative Error": 1.5419792776459382,
            "Mean Accuracy Ratio": 0.7086459443126049,
            "Error Statistics": {
                "Normalized Absolute Error Stats": {
                    "Lowest": 1,
                    "Highest": 104668,
                    "Average": 12874.555555555555
                },
                "Relative Error Stat": 1.4033700210437072
            }
        },
        "statistics_E": {
            "Mean": 110088,
            "Variance": 0,
            "Standard Deviation": 0.0,
            "Smallest Counter Value": 110088,
            "Largest Counter Value": 110089,
            "Mean Absolute Error": 49493,
            "Mean Relative Error": 0.8167835630002476,
            "Mean Accuracy Ratio": 1.8167835630002476,
            "Error Statistics": {
                "Normalized Absolute Error": 49493,
                "Relative Error": 0.8167835630002476
            }
        }
    },
    "space_saving_k_5": {
        "estimated_counts": {
            "E": 66054,
            "S": 66052,
            "T": 66052,
            "P": 66054,
            "N": 66053
        },
        "execution_time": 0.16576218605041504,
        "statistics": {
            "Mean": 66053.0,
            "Variance": 0.8,
            "Standard Deviation": 0.8944271909999159,
            "Smallest Counter Value": 66052,
            "Largest Counter Value": 66054,
            "Mean Absolute Error": 11039.277777777777,
            "Mean Relative Error": 1.390750223244059,
            "Mean Accuracy Ratio": 0.6685280010218366,
            "Error Statistics": {
                "Normalized Absolute Error Stats": {
                    "Lowest": 1,
                    "Highest": 60633,
                    "Average": 11039.277777777777
                },
                "Relative Error Stat": 1.2033185472272265
            }
        },
        "statistics_E": {
            "Mean": 66054,
            "Variance": 0,
            "Standard Deviation": 0.0,
            "Smallest Counter Value": 66052,
            "Largest Counter Value": 66054,
            "Mean Absolute Error": 5459,
            "Mean Relative Error": 0.09008994141430811,
            "Mean Accuracy Ratio": 1.0900899414143082,
            "Error Statistics": {
                "Normalized Absolute Error": 5459,
                "Relative Error": 0.09008994141430811
            }
        }
    },
    "space_saving_k_10": {
        "estimated_counts": {
            "E": 60595,
            "N": 32511,
            "R": 29645,
            "A": 29648,
            "O": 29645,
            "T": 29644,
            "J": 29643,
            "S": 29644,
            "D": 29645,
            "P": 29645
        },
        "execution_time": 0.1442408561706543,
        "statistics": {
            "Mean": 33026.5,
            "Variance": 85177104.85,
            "Standard Deviation": 9229.144318407854,
            "Smallest Counter Value": 29643,
            "Largest Counter Value": 60595,
            "Mean Absolute Error": 6037.777777777777,
            "Mean Relative Error": 1.0522685343326665,
            "Mean Accuracy Ratio": 0.6078240898882221,
            "Error Statistics": {
                "Normalized Absolute Error Stats": {
                    "Lowest": 0,
                    "Highest": 24224,
                    "Average": 6037.777777777777
                },
                "Relative Error Stat": 0.6581381617791773
            }
        },
        "statistics_E": {
            "Mean": 60595,
            "Variance": 0,
            "Standard Deviation": 0.0,
            "Smallest Counter Value": 29643,