{
    "exact_counts": {
        "counts": {
            "J": 6224,
            "U": 6131,
            "L": 11042,
            "E": 60595,
            "S": 11645,
            "V": 7469,
            "R": 18912,
            "N": 32507,
            "D": 19093,
            "I": 19862,
            "O": 21531,
            "M": 7969,
            "W": 5225,
            "A": 24267,
            "G": 12689,
            "F": 3187,
            "C": 4662,
            "H": 11713,
            "T": 21390,
            "K": 6973,
            "P": 5421,
            "B": 4583,
            "Q": 29,
            "Z": 6097,
            "Y": 349,
            "Ï": 31,
            "X": 382,
            "Ë": 88,
            "È": 30,
            "É": 63,
            "Ó": 92,
            "À": 6,
            "Ê": 2,
            "Ò": 1,
            "Â": 1,
            "Ô": 4
        },
        "execution_time": 0.031777381896972656,
        "statistics": {
            "Mean": 9174.027777777777,
            "Variance": 146453680.08256176,
            "Standard Deviation": 12101.80482748593,
            "Smallest Counter Value": 1,
            "Largest Counter Value": 60595
        },
        "statistics_E": {
            "Mean": 60595,
            "Variance": 0,
            "Standard Deviation": 0.0,
            "Smallest Counter Value": 1,
            "Largest Counter Value": 60595
        }
    },
    "fixed_probability_avg": {
        "estimated_counts": {
            "J": 6211.36,
            "L": 11039.8,
            "E": 60568.1,
            "V": 7454.0,
            "N": 32482.66,
            "D": 19103.06,
            "R": 18912.44,
            "S": 11647.32,
            "O": 21553.84,
            "W": 5222.2,
            "A": 24292.56,
            "F": 3185.54,
            "U": 6145.3,
            "I": 19847.3,
            "T": 21402.82,
            "P": 5429.52,
            "G": 12676.3,
            "M": 7972.14,
            "H": 11723.92,
            "Q": 29.3,
            "Z": 6089.9,
            "B": 4577.58,
            "K": 6976.8,
            "C": 4667.78,
            "Y": 350.64,
            "Ï": 30.28,
            "X": 379.12,
            "Ë": 88.42,
            "È": 30.36,
            "É": 62.98,
            "Ó": 91.8,
            "À": 6.58,
            "Ê": 2.02,
            "Ò": 1.12,
            "Â": 1.04,
            "Ô": 4.08
        },
        "execution_time": 0.038659727573394774,
        "statistics": {
            "Mean": 9173.888333333334,
            "Variance": 146388387.13078606,
            "Standard Deviation": 12099.106873269036,
            "Smallest Counter Value": 1.04,
            "Largest Counter Value": 60568.1,
            "Mean Absolute Error": 7.031666666666851,
            "Mean Relative Error": 0.010353638315337511,
            "Mean Accuracy Ratio": 1.0079219918321691,
            "Error Statistics": {
                "Normalized Absolute Error Stats": {
                    "Lowest": 0.020000000000000018,
                    "Highest": 26.900000000001455,
                    "Average": 7.031666666666851
                },
                "Relative Error Stat": 0.0007664754061132928
            }
        },
        "statistics_E": {
            "Mean": 60568.1,
            "Variance": 0.0,
            "Standard Deviation": 0.0,
            "Smallest Counter Value": 1.04,
            "Largest Counter Value": 60568.1,
            "Mean Absolute Error": 26.900000000001455,
            "Mean Relative Error": 0.00044393101741070146,
            "Mean Accuracy Ratio": 0.9995560689825893,
            "Error Statistics": {
                "Normalized Absolute Error": 26.900000000001455,
                "Relative Error": 0.00044393101741070146
            }
        }
    },
    "space_saving_k_3": {
        "estimated_counts": {
            "P": 110089,
            "E": 110088,
            "N": 110088
        },
        "execution_time": 0.17490267753601074,
        "statistics": {
            "Mean": 110088.33333333333,
            "Variance": 0.22222222222222224,
            "Standard Deviation": 0.4714045207910317,
            "Smallest Counter Value": 110088,
            "Largest Counter Value": 110089,
            "Mean Absolute Error": 12874.555555555555,
            "Mean Relative Error": 1.5419792776459382,
            "Mean Accuracy Ratio": 0.7086459443126049,
            "Error Statistics": {
                "Normalized Absolute Error Stats": {
                    "Lowest": 1,
                    "Highest": 104668,
                    "Average": 12874.555555555555
                },
                "Relative Error Stat": 1.4033700210437072
            }
        },
        "statistics_E": {
            "Mean": 110088,
            "Variance": 0,
            "Standard Deviation": 0.0,
            "Smallest Counter Value": 110088,
            "Largest Counter Value": 110089,
            "Mean Absolute Error": 49493,
            "Mean Relative Error": 0.8167835630002476,
            "Mean Accuracy Ratio": 1.8167835630002476,
            "Error Statistics": {
                "Normalized Absolute Error": 49493,
                "Relative Error": 0.8167835630002476
            }
        }
    },
    "space_saving_k_5": {
        "estimated_counts": {
            "E": 66054,
            "S": 66052,
            "T": 66052,
            "P": 66054,
            "N": 66053
        },
        "execution_time": 0.15990400314331055,
        "statistics": {
            "Mean": 66053.0,
            "Variance": 0.8,
            "Standard Deviation": 0.8944271909999159,
            "Smallest Counter Value": 66052,
            "Largest Counter Value": 66054,
            "Mean Absolute Error": 11039.277777777777,
            "Mean Relative Error": 1.390750223244059,
            "Mean Accuracy Ratio": 0.6685280010218366,
            "Error Statistics": {
                "Normalized Absolute Error Stats": {
                    "Lowest": 1,
                    "Highest": 60633,
                    "Average": 11039.277777777777
                },
                "Relative Error Stat": 1.2033185472272265
            }
        },
        "statistics_E": {
            "Mean": 66054,
            "Variance": 0,
            "Standard Deviation": 0.0,
            "Smallest Counter Value": 66052,
            "Largest Counter Value": 66054,
            "Mean Absolute Error": 5459,
            "Mean Relative Error": 0.09008994141430811,
            "Mean Accuracy Ratio": 1.0900899414143082,
            "Error Statistics": {
                "Normalized Absolute Error": 5459,
                "Relative Error": 0.09008994141430811
            }
        }
    },
    "space_saving_k_10": {
        "estimated_counts": {
            "E": 60595,
            "N": 32511,
            "R": 29645,
            "A": 29648,
            "O": 29645,
            "T": 29644,
            "J": 29643,
            "S": 29644,
            "D": 29645,
            "P": 29645
        },
        "execution_time": 0.13040733337402344,
        "statistics": {
            "Mean": 33026.5,
            "Variance": 85177104.85,
            "Standard Deviation": 9229.144318407854,
            "Smallest Counter Value": 29643,
            "Largest Counter Value": 60595,
            "Mean Absolute Error": 6037.777777777777,
            "Mean Relative Error": 1.0522685343326665,
            "Mean Accuracy Ratio": 0.6078240898882221,
            "Error Statistics": {
                "Normalized Absolute Error Stats": {
                    "Lowest": 0,
                    "Highest": 24224,
                    "Average": 6037.777777777777
                },
                "Relative Error Stat": 0.6581381617791773
            }
        },
        "statistics_E": {
            "Mean": 60595,
            "Variance": 0,
            "Standard Deviation": 0.0,
            "Smallest Counter Value": 29643,
            "Largest Counter Value": 60595,
            "Mean Absolute Error": 0,