{
    "exact_counts": {
        "counts": {
            "G": 8599,
            "I": 24895,
            "R": 19668,
            "O": 25750,
            "M": 8061,
            "N": 17744,
            "D": 7118,
            "T": 18744,
            "A": 29885,
            "U": 6456,
            "L": 10447,
            "V": 6181,
            "E": 27897,
            "F": 4036,
            "S": 15599,
            "Q": 1290,
            "C": 10819,
            "P": 8417,
            "À": 507,
            "H": 1977,
            "B": 3582,
            "W": 140,
            "Ì": 431,
            "Z": 2398,
            "È": 375,
            "Y": 339,
            "K": 296,
            "Ò": 832,
            "J": 91,
            "É": 4,
            "Ù": 64,
            "X": 410,
            "Î": 1,
            "Ô": 8,
            "Ê": 2,
            "Á": 2,
            "º": 2,
            "ª": 10
        },
        "execution_time": 0.024521827697753906,
        "statistics": {
            "Mean": 6923.078947368421,
            "Variance": 79943519.38850416,
            "Standard Deviation": 8941.113990354008,
            "Smallest Counter Value": 1,
            "Largest Counter Value": 29885
        },
        "statistics_E": {
            "Mean": 27897,
            "Variance": 0,
            "Standard Deviation": 0.0,
            "Smallest Counter Value": 1,
            "Largest Counter Value": 29885
        }
    },
    "fixed_probability_avg": {
        "estimated_counts": {
            "G": 8604.2,
            "I": 24895.64,
            "R": 19661.66,
            "D": 7103.42,
            "O": 25770.42,
            "T": 18746.02,
            "A": 29888.34,
            "N": 17737.0,
            "U": 6465.36,
            "L": 10451.4,
            "E": 27938.14,
            "F": 4039.86,
            "S": 15600.38,
            "Q": 1284.8,
            "C": 10822.32,
            "M": 8054.36,
            "P": 8414.44,
            "V": 6178.28,
            "W": 140.24,
            "B": 3583.86,
            "Ì": 435.04,
            "H": 1978.8,
            "Z": 2395.32,
            "È": 375.5,
            "Y": 336.76,
            "Ò": 833.78,
            "À": 511.98,
            "J": 89.86,
            "K": 295.76,
            "Ù": 63.36,
            "X": 412.22,
            "Ô": 8.18,
            "Ê": 1.72,
            "º": 2.2,
            "ª": 9.74,
            "É": 3.82,
            "Á": 2.28,
            "Î": 1.02
        },
        "execution_time": 0.031542198657989504,
        "statistics": {
            "Mean": 6924.670526315787,
            "Variance": 80006270.94864707,
            "Standard Deviation": 8944.622459816124,
            "Smallest Counter Value": 1.02,
            "Largest Counter Value": 29888.34,
            "Mean Absolute Error": 4.365263157894655,
            "Mean Relative Error": 0.0150130394774192,
            "Mean Accuracy Ratio": 1.0018326362554018,
            "Error Statistics": {
                "Normalized Absolute Error Stats": {
                    "Lowest": 0.020000000000000018,
                    "Highest": 41.13999999999942,
                    "Average": 4.365263157894655
                },
                "Relative Error Stat": 0.0006305378273281088
            }
        },
        "statistics_E": {
            "Mean": 27938.14,
            "Variance": 0.0,
            "Standard Deviation": 0.0,
            "Smallest Counter Value": 1.02,
            "Largest Counter Value": 29888.34,
            "Mean Absolute Error": 41.13999999999942,
            "Mean Relative Error": 0.0014747105423522035,
            "Mean Accuracy Ratio": 1.0014747105423523,
            "Error Statistics": {
                "Normalized Absolute Error": 41.13999999999942,
                "Relative Error": 0.0014747105423522035
            }
        }
    },
    "space_saving_k_3": {
        "estimated_counts": {
            "F": 87692,
            "I": 87693,
            "C": 87692
        },
        "execution_time": 0.13502287864685059,
        "statistics": {
            "Mean": 87692.33333333333,
            "Variance": 0.22222222222222224,
            "Standard Deviation": 0.4714045207910317,
            "Smallest Counter Value": 87692,
            "Largest Counter Value": 87693,
            "Mean Absolute Error": 11754.052631578947,
            "Mean Relative Error": 1.7198773070244935,
            "Mean Accuracy Ratio": 0.8777720438665987,
            "Error Statistics": {
                "Normalized Absolute Error Stats": {
                    "Lowest": 1,
                    "Highest": 83656,
                    "Average": 11754.052631578947
                },
                "Relative Error Stat": 1.697807105904355
            }
        },
        "statistics_E": {
            "Mean": 0,
            "Variance": 0,
            "Standard Deviation": 0.0,
            "Smallest Counter Value": 87692,
            "Largest Counter Value": 87693,
            "Mean Absolute Error": 27897,
            "Mean Relative Error": 1.0,
            "Mean Accuracy Ratio": 0.0,
            "Error Statistics": {
                "Normalized Absolute Error": 27897,
                "Relative Error": 1.0
            }
        }
    },
    "space_saving_k_5": {
        "estimated_counts": {
            "I": 52618,
            "R": 52615,
            "A": 52614,
            "F": 52615,
            "C": 52615
        },
        "execution_time": 0.13477134704589844,
        "statistics": {
            "Mean": 52615.4,
            "Variance": 1.8399999999999999,
            "Standard Deviation": 1.3564659966250536,
            "Smallest Counter Value": 52614,
            "Largest Counter Value": 52618,
            "Mean Absolute Error": 9146.0,
            "Mean Relative Error": 1.3802349820533018,
            "Mean Accuracy Ratio": 0.6433928767901437,
            "Error Statistics": {
                "Normalized Absolute Error Stats": {
                    "Lowest": 1,
                    "Highest": 48579,
                    "Average": 9146.0
                },
                "Relative Error Stat": 1.321088502605701
            }
        },
        "statistics_E": {
            "Mean": 0,
            "Variance": 0,
            "Standard Deviation": 0.0,
            "Smallest Counter Value": 52614,
            "Largest Counter Value": 52618,
            "Mean Absolute Error": 27897,
            "Mean Relative Error": 1.0,
            "Mean Accuracy Ratio": 0.0,
            "Error Statistics": {
                "Normalized Absolute Error": 27897,
                "Relative Error": 1.0
            }
        }
    },
    "space_saving_k_10": {
        "estimated_counts": {
            "E": 27898,
            "A": 29894,
            "O": 25821,
            "I": 25683,
            "R": 25638,
            "T": 25631,
            "N": 25630,
            "G": 25627,
            "F": 25627,
            "C": 25628
        },
        "execution_time": 0.09410929679870605,
        "statistics": {
            "Mean": 26307.7,
            "Variance": 1877212.4100000006,
            "Standard Deviation": 1370.114013503986,
            "Smallest Counter Value": 25627,
            "Largest Counter Value": 29894,
            "Mean Absolute Error": 3949.4736842105262,
            "Mean Relative Error": 0.9960203051373864,
            "Mean Accuracy Ratio": 0.5223360946110707,
            "Error Statistics": {
                "Normalized Absolute Error Stats": {
                    "Lowest": 1,
                    "Highest": 21591,
                    "Average": 3949.4736842105262
                },
                "Relative Error Stat": 0.5704793653569107
            }
        },
        "statistics_E": {
            "Mean": 27898,
            "Variance": 0,
            "Standard Deviation": 0.0,
            "Smallest Counter Value": 25627,
            "Largest Counter Value": 29894,
            "Mean Absolute Error": 1,
            "Mean Relative Error": 3.5846148331361796e-05,