{
    "exact_counts": {
        "counts": {
            "G": 8599,
            "I": 24895,
            "R": 19668,
            "O": 25750,
            "M": 8061,
            "N": 17744,
            "D": 7118,
            "T": 18744,
            "A": 29885,
            "U": 6456,
            "L": 10447,
            "V": 6181,
            "E": 27897,
            "F": 4036,
            "S": 15599,
            "Q": 1290,
            "C": 10819,
            "P": 8417,
            "À": 507,
            "H": 1977,
            "B": 3582,
            "W": 140,
            "Ì": 431,
            "Z": 2398,
            "È": 375,
            "Y": 339,
            "K": 296,
            "Ò": 832,
            "J": 91,
            "É": 4,
            "Ù": 64,
            "X": 410,
            "Î": 1,
            "Ô": 8,
            "Ê": 2,
            "Á": 2,
            "º": 2,
            "ª": 10
        },
        "execution_time": 0.028810977935791016,
        "statistics": {
            "Mean": 6923.078947368421,
            "Variance": 79943519.38850416,
            "Standard Deviation": 8941.113990354008,
            "Smallest Counter Value": 1,
            "Largest Counter Value": 29885
        },
        "statistics_E": {
            "Mean": 27897,
            "Variance": 0,
            "Standard Deviation": 0.0,
            "Smallest Counter Value": 1,
            "Largest Counter Value": 29885
        }
    },
    "fixed_probability_avg": {
        "estimated_counts": {
            "G": 8622.64,
            "R": 19694.64,
            "O": 25760.6,
            "M": 8064.94,
            "D": 7113.26,
            "T": 18754.08,
            "I": 24928.0,
            "U": 6465.86,
            "L": 10441.18,
            "V": 6189.54,
            "A": 29886.3,
            "E": 27909.04,
            "S": 15602.08,
            "C": 10795.84,
            "P": 8419.72,
            "N": 17744.44,
            "H": 1972.2,
            "F": 4031.38,
            "B": 3571.68,
            "Ì": 429.02,
            "Q": 1284.92,
            "Z": 2402.2,
            "È": 373.2,
            "À": 507.58,
            "Y": 336.66,
            "K": 293.42,
            "Ò": 832.0,
            "W": 138.92,
            "J": 90.94,
            "X": 408.96,
            "Ù": 63.24,
            "Ê": 2.22,
            "Á": 1.82,
            "Ô": 8.12,
            "º": 1.88,
            "É": 4.46,
            "ª": 10.16,
            "Î": 1.06
        },
        "execution_time": 0.032140979766845705,
        "statistics": {
            "Mean": 6925.215789473685,
            "Variance": 80029932.69600333,
            "Standard Deviation": 8945.945042084895,
            "Smallest Counter Value": 1.06,
            "Largest Counter Value": 29886.3,
            "Mean Absolute Error": 5.846315789473568,
            "Mean Relative Error": 0.014243307136877431,
            "Mean Accuracy Ratio": 1.0031089166507523,
            "Error Statistics": {
                "Normalized Absolute Error Stats": {
                    "Lowest": 0.0,
                    "Highest": 33.0,
                    "Average": 5.846315789473568
                },
                "Relative Error Stat": 0.0008444675893369455
            }
        },
        "statistics_E": {
            "Mean": 27909.04,
            "Variance": 0.0,
            "Standard Deviation": 0.0,
            "Smallest Counter Value": 1.06,
            "Largest Counter Value": 29886.3,
            "Mean Absolute Error": 12.040000000000873,
            "Mean Relative Error": 0.00043158762590962734,
            "Mean Accuracy Ratio": 1.0004315876259096,
            "Error Statistics": {
                "Normalized Absolute Error": 12.040000000000873,
                "Relative Error": 0.00043158762590962734
            }
        }
    },
    "space_saving_k_3": {
        "estimated_counts": {
            "F": 87692,
            "I": 87693,
            "C": 87692
        },
        "execution_time": 0.14971709251403809,
        "statistics": {
            "Mean": 87692.33333333333,
            "Variance": 0.22222222222222224,
            "Standard Deviation": 0.4714045207910317,
            "Smallest Counter Value": 87692,
            "Largest Counter Value": 87693,
            "Mean Absolute Error": 11754.052631578947,
            "Mean Relative Error": 1.7198773070244935,
            "Mean Accuracy Ratio": 0.8777720438665987,
            "Error Statistics": {
                "Normalized Absolute Error Stats": {
                    "Lowest": 1,
                    "Highest": 83656,
                    "Average": 11754.052631578947
                },
                "Relative Error Stat": 1.697807105904355
            }
        },
        "statistics_E": {
            "Mean": 0,
            "Variance": 0,
            "Standard Deviation": 0.0,
            "Smallest Counter Value": 87692,
            "Largest Counter Value": 87693,
            "Mean Absolute Error": 27897,
            "Mean Relative Error": 1.0,
            "Mean Accuracy Ratio": 0.0,
            "Error Statistics": {
                "Normalized Absolute Error": 27897,
                "Relative Error": 1.0
            }
        }
    },
    "space_saving_k_5": {
        "estimated_counts": {
            "I": 52618,
            "R": 52615,
            "A": 52614,
            "F": 52615,
            "C": 52615
        },
        "execution_time": 0.13250184059143066,
        "statistics": {
            "Mean": 52615.4,
            "Variance": 1.8399999999999999,
            "Standard Deviation": 1.3564659966250536,
            "Smallest Counter Value": 52614,
            "Largest Counter Value": 52618,
            "Mean Absolute Error": 9146.0,
            "Mean Relative Error": 1.3802349820533018,
            "Mean Accuracy Ratio": 0.6433928767901437,
            "Error Statistics": {
                "Normalized Absolute Error Stats": {
                    "Lowest": 1,
                    "Highest": 48579,
                    "Average": 9146.0
                },
                "Relative Error Stat": 1.321088502605701
            }
        },
        "statistics_E": {
            "Mean": 0,
            "Variance": 0,
            "Standard Deviation": 0.0,
            "Smallest Counter Value": 52614,
            "Largest Counter Value": 52618,
            "Mean Absolute Error": 27897,
            "Mean Relative Error": 1.0,
            "Mean Accuracy Ratio": 0.0,
            "Error Statistics": {
                "Normalized Absolute Error": 27897,
                "Relative Error": 1.0
            }
        }
    },
    "space_saving_k_10": {
        "estimated_counts": {
            "E": 27898,
            "A": 29894,
            "O": 25821,
            "I": 25683,
            "R": 25638,
            "T": 25631,
            "N": 25630,
            "G": 25627,
            "F": 25627,
            "C": 25628
        },
        "execution_time": 0.10016894340515137,
        "statistics": {
            "Mean": 26307.7,
            "Variance": 1877212.4100000006,
            "Standard Deviation": 1370.114013503986,
            "Smallest Counter Value": 25627,
            "Largest Counter Value": 29894,
            "Mean Absolute Error": 3949.4736842105262,
            "Mean Relative Error": 0.9960203051373864,
            "Mean Accuracy Ratio": 0.5223360946110707,
            "Error Statistics": {
                "Normalized Absolute Error Stats": {
                    "Lowest": 1,
                    "Highest": 21591,
                    "Average": 3949.4736842105262
                },
                "Relative Error Stat": 0.5704793653569107
            }
        },
        "statistics_E": {
            "Mean": 27898,
            "Variance": 0,
            "Standard Deviation": 0.0,
            "Smallest Counter Value": 25627,
            "Largest Counter Value": 29894,
            "Mean Absolute Error": 1,
            "Mean Relative Error": 3.5846148331361796e-05,