{
    "exact_counts": {
        "counts": {
            "G": 8599,
            "I": 24895,
            "R": 19668,
            "O": 25750,
            "M": 8061,
            "N": 17744,
            "D": 7118,
            "T": 18744,
            "A": 29885,
            "U": 6456,
            "L": 10447,
            "V": 6181,
            "E": 27897,
            "F": 4036,
            "S": 15599,
            "Q": 1290,
            "C": 10819,
            "P": 8417,
            "À": 507,
            "H": 1977,
            "B": 3582,
            "W": 140,
            "Ì": 431,
            "Z": 2398,
            "È": 375,
            "Y": 339,
            "K": 296,
            "Ò": 832,
            "J": 91,
            "É": 4,
            "Ù": 64,
            "X": 410,
            "Î": 1,
            "Ô": 8,
            "Ê": 2,
            "Á": 2,
            "º": 2,
            "ª": 10
        },
        "execution_time": 0.03320574760437012,
        "statistics": {
            "Mean": 6923.078947368421,
            "Variance": 79943519.38850416,
            "Standard Deviation": 8941.113990354008,
            "Smallest Counter Value": 1,
            "Largest Counter Value": 29885
        },
        "statistics_E": {
            "Mean": 27897,
            "Variance": 0,
            "Standard Deviation": 0.0,
            "Smallest Counter Value": 1,
            "Largest Counter Value": 29885
        }
    },
    "fixed_probability_avg": {
        "estimated_counts": {
            "G": 8599.3668,
            "I": 24896.8754,
            "O": 25749.4642,
            "M": 8061.5366,
            "A": 29882.5086,
            "N": 17742.214,
            "T": 18744.4332,
            "R": 19668.592,
            "L": 10447.6192,
            "V": 6180.535,
            "F": 4036.2086,
            "E": 27896.111,
            "S": 15599.1248,
            "D": 7118.4928,
            "Q": 1289.9364,
            "U": 6457.0858,
            "P": 8416.4142,
            "À": 507.3372,
            "C": 10820.5106,
            "H": 1976.5718,
            "B": 3582.1278,
            "Z": 2398.2562,
            "È": 374.9366,
            "K": 295.3232,
            "Ò": 831.9264,
            "W": 139.9044,
            "J": 91.0238,
            "É": 4.0016,
            "Ì": 430.9926,
            "Y": 339.0364,
            "Ù": 63.9888,
            "X": 409.8034,
            "Î": 0.986,
            "Ô": 7.9988,
            "Ê": 2.0226,
            "º": 2.0054,
            "Á": 1.9822,
            "ª": 9.987
        },
        "execution_time": 0.036463804268836976,
        "statistics": {
            "Mean": 6923.085300000002,
            "Variance": 79941192.31950478,
            "Standard Deviation": 8940.983856349634,
            "Smallest Counter Value": 0.986,
            "Largest Counter Value": 29882.5086,
            "Mean Absolute Error": 0.4492684210526279,
            "Mean Relative Error": 0.0011896382579857827,
            "Mean Accuracy Ratio": 0.9996687977693564,
            "Error Statistics": {
                "Normalized Absolute Error Stats": {
                    "Lowest": 0.0011999999999998678,
                    "Highest": 2.4913999999989755,
                    "Average": 0.4492684210526279
                },
                "Relative Error Stat": 6.489430851043557e-05
            }
        },
        "statistics_E": {
            "Mean": 27896.111,
            "Variance": 0.0,
            "Standard Deviation": 0.0,
            "Smallest Counter Value": 0.986,
            "Largest Counter Value": 29882.5086,
            "Mean Absolute Error": 0.8889999999992142,
            "Mean Relative Error": 3.186722586655247e-05,
            "Mean Accuracy Ratio": 0.9999681327741334,
            "Error Statistics": {
                "Normalized Absolute Error": 0.8889999999992142,
                "Relative Error": 3.186722586655247e-05
            }
        }
    },
    "space_saving_k_3": {
        "estimated_counts": {
            "F": 87692,
            "I": 87693,
            "C": 87692
        },
        "execution_time": 0.14390993118286133,
        "statistics": {
            "Mean": 87692.33333333333,
            "Variance": 0.22222222222222224,
            "Standard Deviation": 0.4714045207910317,
            "Smallest Counter Value": 87692,
            "Largest Counter Value": 87693,
            "Mean Absolute Error": 11754.052631578947,
            "Mean Relative Error": 1.7198773070244935,
            "Mean Accuracy Ratio": 0.8777720438665987,
            "Error Statistics": {
                "Normalized Absolute Error Stats": {
                    "Lowest": 1,
                    "Highest": 83656,
                    "Average": 11754.052631578947
                },
                "Relative Error Stat": 1.697807105904355
            }
        },
        "statistics_E": {
            "Mean": 0,
            "Variance": 0,
            "Standard Deviation": 0.0,
            "Smallest Counter Value": 87692,
            "Largest Counter Value": 87693,
            "Mean Absolute Error": 27897,
            "Mean Relative Error": 1.0,
            "Mean Accuracy Ratio": 0.0,
            "Error Statistics": {
                "Normalized Absolute Error": 27897,
                "Relative Error": 1.0
            }
        }
    },
    "space_saving_k_5": {
        "estimated_counts": {
            "I": 52618,
            "R": 52615,
            "A": 52614,
            "F": 52615,
            "C": 52615
        },
        "execution_time": 0.14589428901672363,
        "statistics": {
            "Mean": 52615.4,
            "Variance": 1.8399999999999999,
            "Standard Deviation": 1.3564659966250536,
            "Smallest Counter Value": 52614,
            "Largest Counter Value": 52618,
            "Mean Absolute Error": 9146.0,
            "Mean Relative Error": 1.3802349820533018,
            "Mean Accuracy Ratio": 0.6433928767901437,
            "Error Statistics": {
                "Normalized Absolute Error Stats": {
                    "Lowest": 1,
                    "Highest": 48579,
                    "Average": 9146.0
                },
                "Relative Error Stat": 1.321088502605701
            }
        },
        "statistics_E": {
            "Mean": 0,
            "Variance": 0,
            "Standard Deviation": 0.0,
            "Smallest Counter Value": 52614,
            "Largest Counter Value": 52618,
            "Mean Absolute Error": 27897,
            "Mean Relative Error": 1.0,
            "Mean Accuracy Ratio": 0.0,
            "Error Statistics": {
                "Normalized Absolute Error": 27897,
                "Relative Error": 1.0
            }
        }
    },
    "space_saving_k_10": {
        "estimated_counts": {
            "E": 27898,
            "A": 29894,
            "O": 25821,
            "I": 25683,
            "R": 25638,
            "T": 25631,
            "N": 25630,
            "G": 25627,
            "F": 25627,
            "C": 25628
        },
        "execution_time": 0.1038355827331543,
        "statistics": {
            "Mean": 26307.7,
            "Variance": 1877212.4100000006,
            "Standard Deviation": 1370.114013503986,
            "Smallest Counter Value": 25627,
            "Largest Counter Value": 29894,
            "Mean Absolute Error": 3949.4736842105262,
            "Mean Relative Error": 0.9960203051373864,
            "Mean Accuracy Ratio": 0.5223360946110707,
            "Error Statistics": {
                "Normalized Absolute Error Stats": {
                    "Lowest": 1,
                    "Highest": 21591,
                    "Average": 3949.4736842105262
                },
                "Relative Error Stat": 0.5704793653569107
            }
        },
        "statistics_E": {
            "Mean": 27898,
            "Variance": 0,
            "Standard Deviation": 0.0,
            "Smallest Counter Value": 25627,
            "Largest Counter Value": 29894,