{
    "exact_counts": {
        "counts": {
            "G": 8599,
            "I": 24895,
            "R": 19668,
            "O": 25750,
            "M": 8061,
            "N": 17744,
            "D": 7118,
            "T": 18744,
            "A": 29885,
            "U": 6456,
            "L": 10447,
            "V": 6181,
            "E": 27897,
            "F": 4036,
            "S": 15599,
            "Q": 1290,
            "C": 10819,
            "P": 8417,
            "À": 507,
            "H": 1977,
            "B": 3582,
            "W": 140,
            "Ì": 431,
            "Z": 2398,
            "È": 375,
            "Y": 339,
            "K": 296,
            "Ò": 832,
            "J": 91,
            "É": 4,
            "Ù": 64,
            "X": 410,
            "Î": 1,
            "Ô": 8,
            "Ê": 2,
            "Á": 2,
            "º": 2,
            "ª": 10
        },
        "execution_time": 0.024224281311035156,
        "statistics": {
            "Mean": 6923.078947368421,
            "Variance": 79943519.38850416,
            "Standard Deviation": 8941.113990354008,
            "Smallest Counter Value": 1,
            "Largest Counter Value": 29885
        },
        "statistics_E": {
            "Mean": 27897,
            "Variance": 0,
            "Standard Deviation": 0.0,
            "Smallest Counter Value": 1,
            "Largest Counter Value": 29885
        }
    },
    "fixed_probability_avg": {
        "estimated_counts": {
            "I": 24861.46,
            "R": 19648.0,
            "O": 25769.9,
            "D": 7123.02,
            "T": 18718.12,
            "A": 29865.36,
            "N": 17738.68,
            "G": 8595.28,
            "U": 6462.22,
            "L": 10460.8,
            "V": 6183.88,
            "E": 27919.88,
            "F": 4035.3,
            "S": 15604.0,
            "Q": 1289.64,
            "M": 8061.76,
            "P": 8417.84,
            "À": 508.24,
            "C": 10810.38,
            "H": 1981.62,
            "B": 3588.1,
            "Ì": 430.9,
            "Z": 2394.48,
            "È": 373.92,
            "Y": 339.14,
            "K": 296.14,
            "Ò": 831.06,
            "W": 140.42,
            "J": 92.58,
            "É": 4.08,
            "X": 412.02,
            "Ù": 63.48,
            "Á": 2.12,
            "Ô": 8.24,
            "Ê": 1.8,
            "º": 1.94,
            "ª": 9.88,
            "Î": 0.86
        },
        "execution_time": 0.031744177341461184,
        "statistics": {
            "Mean": 6922.277368421053,
            "Variance": 79901010.73128776,
            "Standard Deviation": 8938.736528799122,
            "Smallest Counter Value": 0.86,
            "Largest Counter Value": 29865.36,
            "Mean Absolute Error": 5.748947368421148,
            "Mean Relative Error": 0.011853753386484133,
            "Mean Accuracy Ratio": 0.9959475200910873,
            "Error Statistics": {
                "Normalized Absolute Error Stats": {
                    "Lowest": 0.06000000000000005,
                    "Highest": 33.54000000000087,
                    "Average": 5.748947368421148
                },
                "Relative Error Stat": 0.0008304032659639711
            }
        },
        "statistics_E": {
            "Mean": 27919.88,
            "Variance": 0.0,
            "Standard Deviation": 0.0,
            "Smallest Counter Value": 0.86,
            "Largest Counter Value": 29865.36,
            "Mean Absolute Error": 22.88000000000102,
            "Mean Relative Error": 0.0008201598738215944,
            "Mean Accuracy Ratio": 1.0008201598738216,
            "Error Statistics": {
                "Normalized Absolute Error": 22.88000000000102,
                "Relative Error": 0.0008201598738215944
            }
        }
    },
    "space_saving_k_3": {
        "estimated_counts": {
            "F": 87692,
            "I": 87693,
            "C": 87692
        },
        "execution_time": 0.1258392333984375,
        "statistics": {
            "Mean": 87692.33333333333,
            "Variance": 0.22222222222222224,
            "Standard Deviation": 0.4714045207910317,
            "Smallest Counter Value": 87692,
            "Largest Counter Value": 87693,
            "Mean Absolute Error": 11754.052631578947,
            "Mean Relative Error": 1.7198773070244935,
            "Mean Accuracy Ratio": 0.8777720438665987,
            "Error Statistics": {
                "Normalized Absolute Error Stats": {
                    "Lowest": 1,
                    "Highest": 83656,
                    "Average": 11754.052631578947
                },
                "Relative Error Stat": 1.697807105904355
            }
        },
        "statistics_E": {
            "Mean": 0,
            "Variance": 0,
            "Standard Deviation": 0.0,
            "Smallest Counter Value": 87692,
            "Largest Counter Value": 87693,
            "Mean Absolute Error": 27897,
            "Mean Relative Error": 1.0,
            "Mean Accuracy Ratio": 0.0,
            "Error Statistics": {
                "Normalized Absolute Error": 27897,
                "Relative Error": 1.0
            }
        }
    },
    "space_saving_k_5": {
        "estimated_counts": {
            "I": 52618,
            "R": 52615,
            "A": 52614,
            "F": 52615,
            "C": 52615
        },
        "execution_time": 0.12471222877502441,
        "statistics": {
            "Mean": 52615.4,
            "Variance": 1.8399999999999999,
            "Standard Deviation": 1.3564659966250536,
            "Smallest Counter Value": 52614,
            "Largest Counter Value": 52618,
            "Mean Absolute Error": 9146.0,
            "Mean Relative Error": 1.3802349820533018,
            "Mean Accuracy Ratio": 0.6433928767901437,
            "Error Statistics": {
                "Normalized Absolute Error Stats": {
                    "Lowest": 1,
                    "Highest": 48579,
                    "Average": 9146.0
                },
                "Relative Error Stat": 1.321088502605701
            }
        },
        "statistics_E": {
            "Mean": 0,
            "Variance": 0,
            "Standard Deviation": 0.0,
            "Smallest Counter Value": 52614,
            "Largest Counter Value": 52618,
            "Mean Absolute Error": 27897,
            "Mean Relative Error": 1.0,
            "Mean Accuracy Ratio": 0.0,
            "Error Statistics": {
                "Normalized Absolute Error": 27897,
                "Relative Error": 1.0
            }
        }
    },
    "space_saving_k_10": {
        "estimated_counts": {
            "E": 27898,
            "A": 29894,
            "O": 25821,
            "I": 25683,
            "R": 25638,
            "T": 25631,
            "N": 25630,
            "G": 25627,
            "F": 25627,
            "C": 25628
        },
        "execution_time": 0.08858609199523926,
        "statistics": {
            "Mean": 26307.7,
            "Variance": 1877212.4100000006,
            "Standard Deviation": 1370.114013503986,
            "Smallest Counter Value": 25627,
            "Largest Counter Value": 29894,
            "Mean Absolute Error": 3949.4736842105262,
            "Mean Relative Error": 0.9960203051373864,
            "Mean Accuracy Ratio": 0.5223360946110707,
            "Error Statistics": {
                "Normalized Absolute Error Stats": {
                    "Lowest": 1,
                    "Highest": 21591,
                    "Average": 3949.4736842105262
                },
                "Relative Error Stat": 0.5704793653569107
            }
        },
        "statistics_E": {
            "Mean": 27898,
            "Variance": 0,
            "Standard Deviation": 0.0,
            "Smallest Counter Value": 25627,
            "Largest Counter Value": 29894,
            "Mean Absolute Error": 1,
            "Mean Relative Error": 3.5846148331361796e-05,